province,city,county,circle
北京市,北京市,东城区,王府井
北京市,北京市,东城区,灯市口
北京市,北京市,东城区,沙子口
北京市,北京市,东城区,崇文门
北京市,北京市,东城区,东直门
北京市,北京市,东城区,交道口
北京市,北京市,东城区,东四
北京市,北京市,东城区,沙滩
北京市,北京市,东城区,北京站
北京市,北京市,东城区,海运仓
北京市,北京市,东城区,东单
北京市,北京市,东城区,天安门
北京市,北京市,东城区,朝阳门
北京市,北京市,东城区,景山
北京市,北京市,东城区,雍和宫
北京市,北京市,东城区,北新桥
北京市,北京市,东城区,前门
北京市,北京市,东城区,安定门
北京市,北京市,东城区,天坛
北京市,北京市,东城区,广渠门
北京市,北京市,东城区,和平里
北京市,北京市,西城区,小西天
北京市,北京市,西城区,官园
北京市,北京市,西城区,新街口
北京市,北京市,西城区,德胜门
北京市,北京市,西城区,广内大街
北京市,北京市,西城区,西四
北京市,北京市,西城区,展览路
北京市,北京市,西城区,菜市口
北京市,北京市,西城区,复兴门
北京市,北京市,西城区,百万庄
北京市,北京市,西城区,金融街
北京市,北京市,西城区,南礼士路
北京市,北京市,西城区,地安门
北京市,北京市,西城区,三里河
北京市,北京市,西城区,宣武门
北京市,北京市,西城区,广外大街
北京市,北京市,西城区,德外大街
北京市,北京市,西城区,动物园
北京市,北京市,西城区,阜成门
北京市,北京市,西城区,西直门
北京市,北京市,西城区,六铺炕
北京市,北京市,西城区,虎坊桥
北京市,北京市,西城区,西便门
北京市,北京市,西城区,车公庄
北京市,北京市,西城区,西单
北京市,北京市,西城区,什刹海
北京市,北京市,西城区,牛街
北京市,北京市,西城区,积水潭
北京市,北京市,西城区,木樨地
北京市,北京市,西城区,月坛
北京市,北京市,崇文区,体育馆路
北京市,北京市,崇文区,法华寺
北京市,北京市,崇文区,光明楼
北京市,北京市,崇文区,龙潭湖
北京市,北京市,崇文区,永定门
北京市,北京市,宣武区,大观园
北京市,北京市,宣武区,红莲
北京市,北京市,宣武区,南菜园
北京市,北京市,宣武区,天桥
北京市,北京市,宣武区,广安门
北京市,北京市,宣武区,陶然亭
北京市,北京市,宣武区,马连道
北京市,北京市,宣武区,长椿街
北京市,北京市,宣武区,白纸坊
北京市,北京市,宣武区,和平门
北京市,北京市,朝阳区,亮马桥
北京市,北京市,朝阳区,西坝河
北京市,北京市,朝阳区,常营
北京市,北京市,朝阳区,太阳宫
北京市,北京市,朝阳区,柳芳
北京市,北京市,朝阳区,双井
北京市,北京市,朝阳区,东坝
北京市,北京市,朝阳区,对外经贸
北京市,北京市,朝阳区,国贸
北京市,北京市,朝阳区,水碓子
北京市,北京市,朝阳区,安贞
北京市,北京市,朝阳区,大山子
北京市,北京市,朝阳区,朝外
北京市,北京市,朝阳区,劲松
北京市,北京市,朝阳区,十八里店
北京市,北京市,朝阳区,定福庄
北京市,北京市,朝阳区,望京
北京市,北京市,朝阳区,红庙
北京市,北京市,朝阳区,燕莎
北京市,北京市,朝阳区,北沙滩
北京市,北京市,朝阳区,左家庄
北京市,北京市,朝阳区,奥运村
北京市,北京市,朝阳区,建国门
北京市,北京市,朝阳区,朝阳公园
北京市,北京市,朝阳区,东大桥
北京市,北京市,朝阳区,建外大街
北京市,北京市,朝阳区,芍药居
北京市,北京市,朝阳区,大望路
北京市,北京市,朝阳区,呼家楼
北京市,北京市,朝阳区,百子湾
北京市,北京市,朝阳区,团结湖
北京市,北京市,朝阳区,垡头
北京市,北京市,朝阳区,小营
北京市,北京市,朝阳区,小关
北京市,北京市,朝阳区,花家地
北京市,北京市,朝阳区,北苑
北京市,北京市,朝阳区,高碑店
北京市,北京市,朝阳区,三元桥
北京市,北京市,朝阳区,大屯
北京市,北京市,朝阳区,首都机场
北京市,北京市,朝阳区,潘家园
北京市,北京市,朝阳区,和平街
北京市,北京市,朝阳区,京广桥
北京市,北京市,朝阳区,工体
北京市,北京市,朝阳区,CBD
北京市,北京市,朝阳区,酒仙桥
北京市,北京市,朝阳区,三里屯
北京市,北京市,朝阳区,来广营
北京市,北京市,朝阳区,管庄
北京市,北京市,朝阳区,十里堡
北京市,北京市,朝阳区,石佛营
北京市,北京市,朝阳区,亚运村
北京市,北京市,朝阳区,四惠
北京市,北京市,朝阳区,小红门
北京市,北京市,朝阳区,豆各庄
北京市,北京市,朝阳区,国展
北京市,北京市,朝阳区,甜水园
北京市,北京市,丰台区,青塔
北京市,北京市,丰台区,方庄
北京市,北京市,丰台区,卢沟桥
北京市,北京市,丰台区,六里桥
北京市,北京市,丰台区,丰台体育馆
北京市,北京市,丰台区,草桥
北京市,北京市,丰台区,赵公口
北京市,北京市,丰台区,云岗
北京市,北京市,丰台区,世界公园
北京市,北京市,丰台区,角门
北京市,北京市,丰台区,看丹桥
北京市,北京市,丰台区,马家堡
北京市,北京市,丰台区,木樨园
北京市,北京市,丰台区,西罗园
北京市,北京市,丰台区,南苑
北京市,北京市,丰台区,玉泉营
北京市,北京市,丰台区,丽泽桥
北京市,北京市,丰台区,科技园区
北京市,北京市,丰台区,宋家庄
北京市,北京市,丰台区,蒲黄榆
北京市,北京市,丰台区,大红门
北京市,北京市,丰台区,菜户营
北京市,北京市,丰台区,长辛店
北京市,北京市,丰台区,成寿寺
北京市,北京市,丰台区,新发地
北京市,北京市,丰台区,岳各庄
北京市,北京市,丰台区,开阳里
北京市,北京市,丰台区,西客站
北京市,北京市,丰台区,东高地
北京市,北京市,丰台区,北大地
北京市,北京市,丰台区,右安门
北京市,北京市,丰台区,花乡
北京市,北京市,丰台区,洋桥
北京市,北京市,丰台区,刘家窑
北京市,北京市,石景山区,老山
北京市,北京市,石景山区,苹果园
北京市,北京市,石景山区,永乐
北京市,北京市,石景山区,杨庄
北京市,北京市,石景山区,八角
北京市,北京市,石景山区,八宝山
北京市,北京市,石景山区,古城
北京市,北京市,石景山区,模式口
北京市,北京市,石景山区,广宁
北京市,北京市,石景山区,八大处
北京市,北京市,石景山区,西山
北京市,北京市,石景山区,金顶街
北京市,北京市,石景山区,衙门口
北京市,北京市,石景山区,鲁谷
北京市,北京市,石景山区,五里坨
北京市,北京市,海淀区,西三旗
北京市,北京市,海淀区,清河
北京市,北京市,海淀区,航天桥
北京市,北京市,海淀区,蓟门桥
北京市,北京市,海淀区,远大路
北京市,北京市,海淀区,公主坟
北京市,北京市,海淀区,上地
北京市,北京市,海淀区,定慧寺
北京市,北京市,海淀区,中关村
北京市,北京市,海淀区,北下关
北京市,北京市,海淀区,马甸
北京市,北京市,海淀区,西苑
北京市,北京市,海淀区,香山
北京市,北京市,海淀区,甘家口
北京市,北京市,海淀区,清华大学
北京市,北京市,海淀区,万寿路
北京市,北京市,海淀区,花园桥
北京市,北京市,海淀区,西北旺
北京市,北京市,海淀区,五棵松
北京市,北京市,海淀区,学院路
北京市,北京市,海淀区,世纪城
北京市,北京市,海淀区,知春路
北京市,北京市,海淀区,军博
北京市,北京市,海淀区,白石桥
北京市,北京市,海淀区,北京大学
北京市,北京市,海淀区,紫竹桥
北京市,北京市,海淀区,双榆树
北京市,北京市,海淀区,北太平庄
北京市,北京市,海淀区,田村
北京市,北京市,海淀区,五道口
北京市,北京市,海淀区,人民大学
北京市,北京市,海淀区,万柳
北京市,北京市,海淀区,牡丹园
北京市,北京市,海淀区,永定路
北京市,北京市,海淀区,西二旗
北京市,北京市,海淀区,四季青
北京市,北京市,海淀区,苏州桥
北京市,北京市,海淀区,苏州街
北京市,北京市,海淀区,二里庄
北京市,北京市,海淀区,万泉河
北京市,北京市,海淀区,魏公村
北京市,北京市,海淀区,皂君庙
北京市,北京市,海淀区,颐和园
北京市,北京市,海淀区,马连洼
北京市,北京市,门头沟区,东辛房
北京市,北京市,门头沟区,龙泉
北京市,北京市,门头沟区,军庄
北京市,北京市,门头沟区,大峪
北京市,北京市,门头沟区,永定
北京市,北京市,房山区,长阳
北京市,北京市,房山区,阎村
北京市,北京市,房山区,房山城关
北京市,北京市,房山区,良乡
北京市,北京市,房山区,韩村河
北京市,北京市,房山区,迎风
北京市,北京市,房山区,窦店
北京市,北京市,通州区,梨园
北京市,北京市,通州区,乔庄
北京市,北京市,通州区,果园
北京市,北京市,通州区,武夷花园
北京市,北京市,通州区,八里桥
北京市,北京市,通州区,运河大街
北京市,北京市,通州区,西门
北京市,北京市,通州区,永顺
北京市,北京市,通州区,张家湾
北京市,北京市,通州区,东关
北京市,北京市,通州区,新华大街
北京市,北京市,通州区,土桥
北京市,北京市,通州区,马驹桥
北京市,北京市,通州区,玉桥
北京市,北京市,通州区,新华联
北京市,北京市,通州区,北关
北京市,北京市,通州区,北苑
北京市,北京市,通州区,临河里
北京市,北京市,通州区,九棵树
北京市,北京市,通州区,潞城
北京市,北京市,通州区,中仓
北京市,北京市,顺义区,南彩
北京市,北京市,顺义区,光明
北京市,北京市,顺义区,天竺
北京市,北京市,顺义区,顺义城区
北京市,北京市,顺义区,仁和
北京市,北京市,顺义区,马坡
北京市,北京市,顺义区,石园
北京市,北京市,顺义区,胜利
北京市,北京市,顺义区,杨镇
北京市,北京市,顺义区,李桥
北京市,北京市,顺义区,后沙峪
北京市,北京市,顺义区,新国展
北京市,北京市,昌平区,百善
北京市,北京市,昌平区,天通苑
北京市,北京市,昌平区,北七家
北京市,北京市,昌平区,城南
北京市,北京市,昌平区,城北
北京市,北京市,昌平区,南邵
北京市,北京市,昌平区,马池口
北京市,北京市,昌平区,龙泽
北京市,北京市,昌平区,长陵
北京市,北京市,昌平区,小汤山
北京市,北京市,昌平区,兴寿
北京市,北京市,昌平区,阳坊
北京市,北京市,昌平区,回龙观
北京市,北京市,昌平区,东小口
北京市,北京市,昌平区,霍营
北京市,北京市,昌平区,昌平县城
北京市,北京市,昌平区,沙河
北京市,北京市,昌平区,南口
北京市,北京市,昌平区,立水桥
北京市,北京市,昌平区,十三陵
北京市,北京市,大兴区,林校路
北京市,北京市,大兴区,黄村
北京市,北京市,大兴区,海子角
北京市,北京市,大兴区,兴丰大街
北京市,北京市,大兴区,亦庄
北京市,北京市,大兴区,西红门
北京市,北京市,大兴区,清和园
北京市,北京市,大兴区,兴业大街
北京市,北京市,大兴区,庞各庄
北京市,北京市,大兴区,兴华大街
北京市,北京市,大兴区,清源
北京市,北京市,大兴区,旧宫
北京市,北京市,大兴区,同兴园
北京市,北京市,怀柔区,北房
北京市,北京市,怀柔区,泉河
北京市,北京市,怀柔区,怀柔城区
北京市,北京市,怀柔区,汤河口
北京市,北京市,怀柔区,雁栖
北京市,北京市,怀柔区,杨宋
北京市,北京市,怀柔区,庙城
北京市,北京市,怀柔区,怀北
北京市,北京市,平谷区,兴谷
北京市,北京市,平谷区,黄松峪
北京市,北京市,平谷区,渔阳
北京市,北京市,平谷区,刘家店
北京市,北京市,平谷区,金海湖
北京市,北京市,平谷区,东高村
北京市,北京市,平谷区,王辛庄
北京市,北京市,平谷区,滨河
北京市,北京市,平谷区,平谷城区
北京市,北京市,延庆县,康庄
北京市,北京市,延庆县,大榆树
北京市,北京市,延庆县,延庆城区
北京市,北京市,延庆县,八达岭
北京市,北京市,延庆县,永宁
天津市,天津市,和平区,鞍山道沿线
天津市,天津市,和平区,黄家花园
天津市,天津市,和平区,滨江道
天津市,天津市,和平区,五大道
天津市,天津市,和平区,气象台路
天津市,天津市,和平区,荣业大街
天津市,天津市,和平区,和平路
天津市,天津市,和平区,西康路沿线
天津市,天津市,和平区,劝业场街
天津市,天津市,和平区,小白楼
天津市,天津市,和平区,南市
天津市,天津市,和平区,国际大厦
天津市,天津市,河东区,中山门
天津市,天津市,河东区,向阳楼街
天津市,天津市,河东区,工业大学
天津市,天津市,河东区,常州道街
天津市,天津市,河东区,东新街
天津市,天津市,河东区,春华街
天津市,天津市,河东区,大王庄
天津市,天津市,河东区,大直沽
天津市,天津市,河东区,二号桥
天津市,天津市,河东区,上杭路街
天津市,天津市,河东区,后广场
天津市,天津市,河东区,大桥道
天津市,天津市,河西区,佟楼
天津市,天津市,河西区,马场道
天津市,天津市,河西区,东海
天津市,天津市,河西区,体院北
天津市,天津市,河西区,图书大厦
天津市,天津市,河西区,友谊路街
天津市,天津市,河西区,越秀路街
天津市,天津市,河西区,柳林
天津市,天津市,河西区,陈塘庄街
天津市,天津市,河西区,围堤道沿线
天津市,天津市,河西区,尖山
天津市,天津市,河西区,大营门
天津市,天津市,河西区,人民公园
天津市,天津市,河西区,宾水道
天津市,天津市,河西区,小海地
天津市,天津市,河西区,梅江
天津市,天津市,河西区,挂甲寺街
天津市,天津市,河西区,下瓦房街
天津市,天津市,河西区,土城
天津市,天津市,河西区,永安道
天津市,天津市,南开区,白堤路
天津市,天津市,南开区,六里台
天津市,天津市,南开区,学府街
天津市,天津市,南开区,风荷园
天津市,天津市,南开区,南开公园
天津市,天津市,南开区,鼓楼
天津市,天津市,南开区,长虹公园
天津市,天津市,南开区,黄河道
天津市,天津市,南开区,水上公园
天津市,天津市,南开区,古文化街
天津市,天津市,南开区,向阳路街
天津市,天津市,南开区,嘉陵道街
天津市,天津市,南开区,体育中心
天津市,天津市,南开区,兴南街
天津市,天津市,南开区,王顶堤
天津市,天津市,南开区,三马路
天津市,天津市,南开区,南开大学
天津市,天津市,南开区,密云路
天津市,天津市,南开区,长虹街
天津市,天津市,南开区,天拖地区
天津市,天津市,河北区,狮子林大街
天津市,天津市,河北区,月牙河
天津市,天津市,河北区,新开河街
天津市,天津市,河北区,江都路街
天津市,天津市,河北区,望海楼街
天津市,天津市,河北区,火车站
天津市,天津市,河北区,中山路
天津市,天津市,河北区,宁园街
天津市,天津市,河北区,民权门
天津市,天津市,河北区,鸿顺里街
天津市,天津市,红桥区,邵公庄
天津市,天津市,红桥区,本溪路
天津市,天津市,红桥区,芥园道
天津市,天津市,红桥区,西于庄街
天津市,天津市,红桥区,大胡同
天津市,天津市,红桥区,西沽街
天津市,天津市,红桥区,丁字沽
天津市,天津市,红桥区,河北大街
天津市,天津市,红桥区,咸阳北路街
天津市,天津市,红桥区,老城厢
天津市,天津市,东丽区,程林街
天津市,天津市,东丽区,军粮城
天津市,天津市,东丽区,利津路
天津市,天津市,东丽区,张贵庄街
天津市,天津市,东丽区,新立
天津市,天津市,东丽区,华明
天津市,天津市,东丽区,津塘路
天津市,天津市,东丽区,大毕庄
天津市,天津市,东丽区,无瑕
天津市,天津市,东丽区,丰年村
天津市,天津市,东丽区,程林庄
天津市,天津市,西青区,南河
天津市,天津市,西青区,中北
天津市,天津市,西青区,王稳庄
天津市,天津市,西青区,辛口
天津市,天津市,西青区,杨柳青
天津市,天津市,西青区,侯台
天津市,天津市,西青区,西营门
天津市,天津市,西青区,大寺
天津市,天津市,西青区,李七庄
天津市,天津市,西青区,张家窝
天津市,天津市,西青区,华苑街
天津市,天津市,津南区,北闸口
天津市,天津市,津南区,咸水沽
天津市,天津市,津南区,双港
天津市,天津市,津南区,葛沽
天津市,天津市,津南区,小站
天津市,天津市,津南区,八里台
天津市,天津市,津南区,辛庄
天津市,天津市,津南区,双桥河
天津市,天津市,北辰区,青光
天津市,天津市,北辰区,宜兴埠
天津市,天津市,北辰区,西堤头
天津市,天津市,北辰区,小淀
天津市,天津市,北辰区,普东
天津市,天津市,北辰区,果园新村
天津市,天津市,北辰区,双街
天津市,天津市,北辰区,天穆
天津市,天津市,北辰区,集贤里
天津市,天津市,北辰区,北仓
天津市,天津市,武清区,王庆坨
天津市,天津市,武清区,南蔡村
天津市,天津市,武清区,河西务
天津市,天津市,武清区,大孟庄
天津市,天津市,武清区,黄庄
天津市,天津市,武清区,下朱庄
天津市,天津市,武清区,杨村
天津市,天津市,武清区,徐官屯
天津市,天津市,武清区,东蒲洼
天津市,天津市,武清区,河北屯
天津市,天津市,武清区,大良
天津市,天津市,武清区,大碱厂
天津市,天津市,武清区,城关
天津市,天津市,宝坻区,史各庄
天津市,天津市,宝坻区,高家庄
天津市,天津市,宝坻区,新安
天津市,天津市,宝坻区,大口屯
天津市,天津市,宝坻区,周良庄
天津市,天津市,宝坻区,马家店
天津市,天津市,宝坻区,牛家牌
天津市,天津市,宁河县,清河农场
天津市,天津市,宁河县,七里海
天津市,天津市,宁河县,造甲城
天津市,天津市,宁河县,潘庄
天津市,天津市,宁河县,芦台
天津市,天津市,静海县,团泊
天津市,天津市,静海县,唐官屯
天津市,天津市,静海县,中旺
天津市,天津市,静海县,大邱庄
天津市,天津市,蓟县,五百户
天津市,天津市,蓟县,礼明庄
天津市,天津市,蓟县,官庄
天津市,天津市,蓟县,洇溜
天津市,天津市,蓟县,许家台
天津市,天津市,蓟县,邦均
天津市,天津市,蓟县,穿芳峪
天津市,天津市,蓟县,下营
天津市,天津市,滨海新区,盐场
天津市,天津市,滨海新区,营城
天津市,天津市,滨海新区,经济开发区
天津市,天津市,滨海新区,小王庄
天津市,天津市,滨海新区,三槐路街
天津市,天津市,滨海新区,中塘
天津市,天津市,滨海新区,胜利街
天津市,天津市,滨海新区,寨上
天津市,天津市,滨海新区,海滨
天津市,天津市,滨海新区,解放路街
天津市,天津市,滨海新区,胡家园街
天津市,天津市,滨海新区,大田
天津市,天津市,滨海新区,杭州道街
天津市,天津市,滨海新区,向阳街
天津市,天津市,滨海新区,太平
天津市,天津市,滨海新区,新港街
天津市,天津市,滨海新区,河西
天津市,天津市,滨海新区,北塘街
天津市,天津市,滨海新区,新河街
天津市,天津市,滨海新区,新城
天津市,天津市,滨海新区,塘沽城区
天津市,天津市,滨海新区,茶淀
天津市,天津市,滨海新区,迎宾街
河北省,石家庄市,长安区,谈固
河北省,石家庄市,长安区,西兆通
河北省,石家庄市,长安区,长丰
河北省,石家庄市,长安区,南村
河北省,石家庄市,长安区,广安
河北省,石家庄市,长安区,河东
河北省,石家庄市,长安区,青园
河北省,石家庄市,长安区,建北
河北省,石家庄市,长安区,跃进
河北省,石家庄市,长安区,育才
河北省,石家庄市,长安区,范西路
河北省,石家庄市,长安区,煤机街
河北省,石家庄市,长安区,高营
河北省,石家庄市,桥东区,胜北
河北省,石家庄市,桥东区,平安南大街
河北省,石家庄市,桥东区,东风
河北省,石家庄市,桥东区,东华
河北省,石家庄市,桥东区,彭后
河北省,石家庄市,桥东区,红星街
河北省,石家庄市,桥东区,胜南
河北省,石家庄市,桥东区,桃园
河北省,石家庄市,桥东区,阜康
河北省,石家庄市,桥东区,建安
河北省,石家庄市,桥东区,中山东路
河北省,石家庄市,桥东区,休门
河北省,石家庄市,桥西区,南长
河北省,石家庄市,桥西区,红旗
河北省,石家庄市,桥西区,西里
河北省,石家庄市,桥西区,维明
河北省,石家庄市,桥西区,振头
河北省,石家庄市,桥西区,东里
河北省,石家庄市,桥西区,维明南大街
河北省,石家庄市,桥西区,中山
河北省,石家庄市,桥西区,留营
河北省,石家庄市,桥西区,友谊
河北省,石家庄市,桥西区,苑东
河北省,石家庄市,桥西区,裕西
河北省,石家庄市,桥西区,新石
河北省,石家庄市,新华区,宁安
河北省,石家庄市,新华区,国泰街
河北省,石家庄市,新华区,东焦
河北省,石家庄市,新华区,天苑
河北省,石家庄市,新华区,和平西路
河北省,石家庄市,新华区,高柱
河北省,石家庄市,新华区,西苑
河北省,石家庄市,新华区,革新
河北省,石家庄市,新华区,新华路
河北省,石家庄市,新华区,联盟
河北省,石家庄市,新华区,五七
河北省,石家庄市,新华区,赵陵铺
河北省,石家庄市,新华区,北苑
河北省,石家庄市,新华区,合作路
河北省,石家庄市,新华区,西二环
河北省,石家庄市,新华区,石岗
河北省,石家庄市,新华区,大郭
河北省,石家庄市,新华区,清真寺街
河北省,石家庄市,新华区,九中街
河北省,石家庄市,新华区,西三庄
河北省,石家庄市,裕华区,东苑
河北省,石家庄市,裕华区,槐底
河北省,石家庄市,裕华区,槐北路
河北省,石家庄市,裕华区,孙村
河北省,石家庄市,裕华区,裕东
河北省,石家庄市,裕华区,裕兴
河北省,石家庄市,裕华区,留村
河北省,石家庄市,裕华区,方村
河北省,石家庄市,裕华区,宋营
山西省,太原市,小店区,高新科技产业区
山西省,太原市,小店区,坞城
山西省,太原市,小店区,亲贤北街
山西省,太原市,小店区,黄陵
山西省,太原市,小店区,北营
山西省,太原市,小店区,杨家堡
山西省,太原市,小店区,长风街
山西省,太原市,迎泽区,双塔西街
山西省,太原市,迎泽区,文庙
山西省,太原市,迎泽区,朝阳街
山西省,太原市,迎泽区,庙前
山西省,太原市,迎泽区,郝庄
山西省,太原市,迎泽区,桥东
山西省,太原市,迎泽区,老军营
山西省,太原市,迎泽区,并州北路
山西省,太原市,迎泽区,柳巷
山西省,太原市,杏花岭区,坝陵桥
山西省,太原市,杏花岭区,巨轮
山西省,太原市,杏花岭区,三桥
山西省,太原市,杏花岭区,大东关
山西省,太原市,杏花岭区,涧河
山西省,太原市,杏花岭区,杨家峪
山西省,太原市,杏花岭区,敦化坊
山西省,太原市,杏花岭区,龙潭
山西省,太原市,杏花岭区,鼓楼
山西省,太原市,尖草坪区,古城
山西省,太原市,尖草坪区,柴村
山西省,太原市,尖草坪区,新城
山西省,太原市,尖草坪区,兴华
山西省,太原市,尖草坪区,光社
山西省,太原市,尖草坪区,迎新街
山西省,太原市,尖草坪区,上兰
山西省,太原市,万柏林区,化客头
山西省,太原市,万柏林区,白家庄
山西省,太原市,万柏林区,和平
山西省,太原市,万柏林区,东社
山西省,太原市,万柏林区,千峰
山西省,太原市,万柏林区,科技大学
山西省,太原市,万柏林区,彭村
山西省,太原市,万柏林区,义井
山西省,太原市,万柏林区,漪汾街
山西省,太原市,万柏林区,南寒
山西省,太原市,万柏林区,下元
山西省,太原市,晋源区,十六中
山西省,太原市,晋源区,金胜
山西省,太原市,晋源区,罗城
山西省,太原市,晋源区,晋祠
内蒙古自治区,呼和浩特市,新城区,海东路
内蒙古自治区,呼和浩特市,新城区,毫沁营
内蒙古自治区,呼和浩特市,新城区,火车站
内蒙古自治区,呼和浩特市,新城区,赛马场
内蒙古自治区,呼和浩特市,新城区,鼓楼
内蒙古自治区,呼和浩特市,新城区,东风路
内蒙古自治区,呼和浩特市,新城区,迎新路
内蒙古自治区,呼和浩特市,新城区,中山东路
内蒙古自治区,呼和浩特市,回民区,光明路
内蒙古自治区,呼和浩特市,回民区,海拉尔西路
内蒙古自治区,呼和浩特市,回民区,通道街
内蒙古自治区,呼和浩特市,回民区,环河街
内蒙古自治区,呼和浩特市,回民区,钢铁路
内蒙古自治区,呼和浩特市,回民区,中山路
内蒙古自治区,呼和浩特市,回民区,攸攸板
内蒙古自治区,呼和浩特市,回民区,文化宫街
内蒙古自治区,呼和浩特市,玉泉区,石羊桥东路
内蒙古自治区,呼和浩特市,玉泉区,小召前街
内蒙古自治区,呼和浩特市,玉泉区,长和廊
内蒙古自治区,呼和浩特市,玉泉区,旧城北门
内蒙古自治区,呼和浩特市,玉泉区,大南街
内蒙古自治区,呼和浩特市,玉泉区,兴隆巷
内蒙古自治区,呼和浩特市,赛罕区,文化商城
内蒙古自治区,呼和浩特市,赛罕区,金宇文苑
内蒙古自治区,呼和浩特市,赛罕区,人民路
内蒙古自治区,呼和浩特市,赛罕区,大学东路
内蒙古自治区,呼和浩特市,赛罕区,巴彦
内蒙古自治区,呼和浩特市,赛罕区,金河
内蒙古自治区,呼和浩特市,赛罕区,中专路
内蒙古自治区,呼和浩特市,赛罕区,乌兰察布路
内蒙古自治区,呼和浩特市,赛罕区,大学西路
辽宁省,沈阳市,和平区,八经
辽宁省,沈阳市,和平区,北市
辽宁省,沈阳市,和平区,北六马路
辽宁省,沈阳市,和平区,集贤
辽宁省,沈阳市,和平区,西塔
辽宁省,沈阳市,和平区,云集
辽宁省,沈阳市,和平区,南湖公园
辽宁省,沈阳市,和平区,砂山
辽宁省,沈阳市,和平区,吴淞
辽宁省,沈阳市,和平区,民主
辽宁省,沈阳市,和平区,文体西路
辽宁省,沈阳市,和平区,南市
辽宁省,沈阳市,和平区,十四纬路
辽宁省,沈阳市,和平区,太原街
辽宁省,沈阳市,和平区,新兴
辽宁省,沈阳市,和平区,和平广场
辽宁省,沈阳市,和平区,马路湾
辽宁省,沈阳市,和平区,胜利
辽宁省,沈阳市,和平区,遂川
辽宁省,沈阳市,和平区,中华路
辽宁省,沈阳市,和平区,五里河
辽宁省,沈阳市,沈河区,北三经街
辽宁省,沈阳市,沈河区,北文萃路
辽宁省,沈阳市,沈河区,五爱街
辽宁省,沈阳市,沈河区,大西街
辽宁省,沈阳市,沈河区,小南
辽宁省,沈阳市,沈河区,北站
辽宁省,沈阳市,沈河区,滨河
辽宁省,沈阳市,沈河区,小西
辽宁省,沈阳市,沈河区,文化路
辽宁省,沈阳市,沈河区,文艺路
辽宁省,沈阳市,沈河区,正阳
辽宁省,沈阳市,沈河区,风雨坛
辽宁省,沈阳市,沈河区,惠工
辽宁省,沈阳市,沈河区,市府
辽宁省,沈阳市,沈河区,大南
辽宁省,沈阳市,沈河区,奉天街沿线
辽宁省,沈阳市,沈河区,朱剪炉
辽宁省,沈阳市,沈河区,一经
辽宁省,沈阳市,沈河区,五爱市场
辽宁省,沈阳市,沈河区,万泉
辽宁省,沈阳市,沈河区,中街
辽宁省,沈阳市,沈河区,二经
辽宁省,沈阳市,沈河区,故宫
辽宁省,沈阳市,沈河区,山东庙
辽宁省,沈阳市,大东区,长安
辽宁省,沈阳市,大东区,万莲
辽宁省,沈阳市,大东区,小东
辽宁省,沈阳市,大东区,东站
辽宁省,沈阳市,大东区,大东路
辽宁省,沈阳市,大东区,小津桥
辽宁省,沈阳市,大东区,东塔
辽宁省,沈阳市,大东区,大东广场
辽宁省,沈阳市,大东区,辽沈
辽宁省,沈阳市,大东区,小北
辽宁省,沈阳市,大东区,文官
辽宁省,沈阳市,大东区,新东
辽宁省,沈阳市,大东区,大北
辽宁省,沈阳市,大东区,津桥
辽宁省,沈阳市,大东区,洮昌
辽宁省,沈阳市,大东区,二台子
辽宁省,沈阳市,大东区,珠林
辽宁省,沈阳市,皇姑区,陵北
辽宁省,沈阳市,皇姑区,新乐
辽宁省,沈阳市,皇姑区,淮河南街
辽宁省,沈阳市,皇姑区,克俭
辽宁省,沈阳市,皇姑区,辽大
辽宁省,沈阳市,皇姑区,辽河
辽宁省,沈阳市,皇姑区,陵东
辽宁省,沈阳市,皇姑区,昆山
辽宁省,沈阳市,皇姑区,崇山
辽宁省,沈阳市,皇姑区,华山
辽宁省,沈阳市,皇姑区,寿泉
辽宁省,沈阳市,皇姑区,塔湾
辽宁省,沈阳市,皇姑区,泰山
辽宁省,沈阳市,皇姑区,北行
辽宁省,沈阳市,皇姑区,太平
辽宁省,沈阳市,皇姑区,舍利塔
辽宁省,沈阳市,皇姑区,亚明
辽宁省,沈阳市,皇姑区,明廉
辽宁省,沈阳市,皇姑区,长江
辽宁省,沈阳市,皇姑区,黑龙江
辽宁省,沈阳市,皇姑区,三洞桥
辽宁省,沈阳市,皇姑区,三台子
辽宁省,沈阳市,皇姑区,向工
辽宁省,沈阳市,皇姑区,小白楼
辽宁省,沈阳市,皇姑区,北陵电影院
辽宁省,沈阳市,铁西区,卫工
辽宁省,沈阳市,铁西区,云峰
辽宁省,沈阳市,铁西区,保工
辽宁省,沈阳市,铁西区,重工
辽宁省,沈阳市,铁西区,凌空
辽宁省,沈阳市,铁西区,七路
辽宁省,沈阳市,铁西区,霁虹
辽宁省,沈阳市,铁西区,兴工
辽宁省,沈阳市,铁西区,艳粉
辽宁省,沈阳市,铁西区,十二路
辽宁省,沈阳市,铁西区,劳动公园
辽宁省,沈阳市,铁西区,工人村
辽宁省,沈阳市,铁西区,启工
辽宁省,沈阳市,铁西区,笃工
辽宁省,沈阳市,铁西区,兴顺
辽宁省,沈阳市,铁西区,铁西广场
辽宁省,沈阳市,铁西区,兴华
辽宁省,沈阳市,铁西区,兴齐
辽宁省,沈阳市,铁西区,滑翔小区
辽宁省,沈阳市,铁西区,贵和
辽宁省,沈阳市,铁西区,路官
辽宁省,沈阳市,铁西区,齐贤
辽宁省,沈阳市,苏家屯区,临湖
辽宁省,沈阳市,苏家屯区,铁友
辽宁省,沈阳市,苏家屯区,解放
辽宁省,沈阳市,苏家屯区,湖西
辽宁省,沈阳市,苏家屯区,南站
辽宁省,沈阳市,东陵区,马官桥
辽宁省,沈阳市,东陵区,辉山
辽宁省,沈阳市,东陵区,五三
辽宁省,沈阳市,东陵区,丰乐
辽宁省,沈阳市,东陵区,泉园
辽宁省,沈阳市,东陵区,白塔
辽宁省,沈阳市,东陵区,天坛小区
辽宁省,沈阳市,东陵区,长白
辽宁省,沈阳市,东陵区,会展中心
辽宁省,沈阳市,东陵区,南塔
辽宁省,沈阳市,东陵区,前进
辽宁省,沈阳市,东陵区,英达
辽宁省,沈阳市,于洪区,黄河
辽宁省,沈阳市,于洪区,东湖
辽宁省,沈阳市,于洪区,杨士
辽宁省,沈阳市,于洪区,沙岭
辽宁省,沈阳市,于洪区,大潘
辽宁省,沈阳市,于洪区,南阳湖
辽宁省,沈阳市,于洪区,北塔
辽宁省,沈阳市,于洪区,迎宾路
辽宁省,沈阳市,于洪区,怒江
辽宁省,沈阳市,于洪区,大兴
辽宁省,沈阳市,于洪区,造化
辽宁省,沈阳市,于洪区,北陵
辽宁省,沈阳市,于洪区,陵西
辽宁省,沈阳市,于洪区,沈辽路
辽宁省,沈阳市,于洪区,翟家
辽宁省,沈阳市,沈北新区,清水台
辽宁省,沈阳市,沈北新区,道义
辽宁省,沈阳市,沈北新区,虎石台
辽宁省,沈阳市,沈北新区,新城子
辽宁省,大连市,中山区,三八广场
辽宁省,大连市,中山区,植物园
辽宁省,大连市,中山区,海军广场
辽宁省,大连市,中山区,中南路
辽宁省,大连市,中山区,葵英街
辽宁省,大连市,中山区,山屏街
辽宁省,大连市,中山区,二七广场
辽宁省,大连市,中山区,中山广场
辽宁省,大连市,中山区,丹东街
辽宁省,大连市,中山区,景山街
辽宁省,大连市,中山区,友好广场
辽宁省,大连市,中山区,虎滩新区
辽宁省,大连市,中山区,青泥洼桥
辽宁省,大连市,中山区,朝阳街
辽宁省,大连市,中山区,港湾街
辽宁省,大连市,中山区,寺儿沟
辽宁省,大连市,中山区,昆明街
辽宁省,大连市,中山区,港湾广场
辽宁省,大连市,中山区,迎宾路
辽宁省,大连市,中山区,延安路
辽宁省,大连市,中山区,解放路
辽宁省,大连市,中山区,民生街
辽宁省,大连市,中山区,外国语学院
辽宁省,大连市,中山区,武昌街
辽宁省,大连市,中山区,贸易大世界
辽宁省,大连市,中山区,中山路
辽宁省,大连市,中山区,景山小区
辽宁省,大连市,中山区,天津街
辽宁省,大连市,中山区,秀月街
辽宁省,大连市,中山区,青云街
辽宁省,大连市,中山区,老虎滩
辽宁省,大连市,中山区,儿童公园
辽宁省,大连市,中山区,春海街
辽宁省,大连市,中山区,友谊商城
辽宁省,大连市,中山区,人民路
辽宁省,大连市,中山区,七七街
辽宁省,大连市,中山区,劳动公园
辽宁省,大连市,中山区,民主广场
辽宁省,大连市,中山区,胜利广场
辽宁省,大连市,中山区,桂林街
辽宁省,大连市,西岗区,莲花小区
辽宁省,大连市,西岗区,新开路
辽宁省,大连市,西岗区,白云新村
辽宁省,大连市,西岗区,希望广场
辽宁省,大连市,西岗区,北京街
辽宁省,大连市,西岗区,大同街
辽宁省,大连市,西岗区,工人村
辽宁省,大连市,西岗区,儿童医院
辽宁省,大连市,西岗区,八一路
辽宁省,大连市,西岗区,人民广场
辽宁省,大连市,西岗区,新起屯
辽宁省,大连市,西岗区,兴业街
辽宁省,大连市,西岗区,付家庄
辽宁省,大连市,西岗区,桃源
辽宁省,大连市,西岗区,长春路
辽宁省,大连市,西岗区,民政街
辽宁省,大连市,西岗区,日新
辽宁省,大连市,西岗区,胜利路
辽宁省,大连市,西岗区,北岗桥
辽宁省,大连市,西岗区,动物园
辽宁省,大连市,西岗区,石道街
辽宁省,大连市,西岗区,金海花园
辽宁省,大连市,西岗区,英华街
辽宁省,大连市,西岗区,三元街
辽宁省,大连市,西岗区,市政府
辽宁省,大连市,西岗区,建设街
辽宁省,大连市,西岗区,香周路
辽宁省,大连市,西岗区,黄河路
辽宁省,大连市,西岗区,东北路
辽宁省,大连市,西岗区,长江路
辽宁省,大连市,西岗区,白云山
辽宁省,大连市,西岗区,纪念街
辽宁省,大连市,西岗区,唐山街
辽宁省,大连市,西岗区,南石道街
辽宁省,大连市,西岗区,五一广场
辽宁省,大连市,西岗区,奥林匹克广场
辽宁省,大连市,西岗区,仲夏路
辽宁省,大连市,西岗区,东关街
辽宁省,大连市,西岗区,站北
辽宁省,大连市,西岗区,花园广场
辽宁省,大连市,西岗区,石葵路
辽宁省,大连市,西岗区,香炉礁
辽宁省,大连市,西岗区,鞍山路
辽宁省,大连市,西岗区,体育场
辽宁省,大连市,沙河口区,春柳
辽宁省,大连市,沙河口区,兴工
辽宁省,大连市,沙河口区,妇产医院
辽宁省,大连市,沙河口区,科技谷
辽宁省,大连市,沙河口区,绿波
辽宁省,大连市,沙河口区,东财
辽宁省,大连市,沙河口区,莲花山
辽宁省,大连市,沙河口区,刘家桥
辽宁省,大连市,沙河口区,熟食品交易中心
辽宁省,大连市,沙河口区,丝绸路
辽宁省,大连市,沙河口区,连山街
辽宁省,大连市,沙河口区,孙家沟
辽宁省,大连市,沙河口区,辽宁师范大学
辽宁省,大连市,沙河口区,高新园区
辽宁省,大连市,沙河口区,南沙
辽宁省,大连市,沙河口区,黑石礁
辽宁省,大连市,沙河口区,西山
辽宁省,大连市,沙河口区,黄河路
辽宁省,大连市,沙河口区,尖山街
辽宁省,大连市,沙河口区,星海广场
辽宁省,大连市,沙河口区,民权
辽宁省,大连市,沙河口区,白山路
辽宁省,大连市,沙河口区,富民路
辽宁省,大连市,沙河口区,联合路
辽宁省,大连市,沙河口区,软件园
辽宁省,大连市,沙河口区,孙家
辽宁省,大连市,沙河口区,台山
辽宁省,大连市,沙河口区,星海公园
辽宁省,大连市,沙河口区,沙能街
辽宁省,大连市,沙河口区,交大
辽宁省,大连市,沙河口区,李家街
辽宁省,大连市,沙河口区,中山公园
辽宁省,大连市,沙河口区,车家村
辽宁省,大连市,沙河口区,解放广场
辽宁省,大连市,沙河口区,李家
辽宁省,大连市,沙河口区,和平广场
辽宁省,大连市,沙河口区,沙跃街
辽宁省,大连市,沙河口区,太原街
辽宁省,大连市,沙河口区,富民广场
辽宁省,大连市,沙河口区,马栏
辽宁省,大连市,沙河口区,滨海路
辽宁省,大连市,沙河口区,星海湾
辽宁省,大连市,沙河口区,万岁街
辽宁省,大连市,沙河口区,锦石路
辽宁省,大连市,沙河口区,龙江路
辽宁省,大连市,沙河口区,会展中心
辽宁省,大连市,沙河口区,数码广场
辽宁省,大连市,沙河口区,锦绣
辽宁省,大连市,沙河口区,富国街
辽宁省,大连市,沙河口区,南平街
辽宁省,大连市,沙河口区,泉涌
辽宁省,大连市,沙河口区,侯家沟
辽宁省,大连市,沙河口区,数码路
辽宁省,大连市,沙河口区,西安路
辽宁省,大连市,沙河口区,高尔基路
辽宁省,大连市,甘井子区,大连湾
辽宁省,大连市,甘井子区,小辛寨子
辽宁省,大连市,甘井子区,金家街
辽宁省,大连市,甘井子区,百合山庄
辽宁省,大连市,甘井子区,机场
辽宁省,大连市,甘井子区,凌水
辽宁省,大连市,甘井子区,火炬路
辽宁省,大连市,甘井子区,华南中学
辽宁省,大连市,甘井子区,奥林园
辽宁省,大连市,甘井子区,七贤岭
辽宁省,大连市,甘井子区,欣乐公园
辽宁省,大连市,甘井子区,红凌路
辽宁省,大连市,甘井子区,文体街
辽宁省,大连市,甘井子区,大纺
辽宁省,大连市,甘井子区,红旗中路
辽宁省,大连市,甘井子区,山东路
辽宁省,大连市,甘井子区,红旗
辽宁省,大连市,甘井子区,泡崖市场
辽宁省,大连市,甘井子区,小平岛
辽宁省,大连市,甘井子区,华北路
辽宁省,大连市,甘井子区,大有恬园
辽宁省,大连市,甘井子区,锦华北园
辽宁省,大连市,甘井子区,理工大学
辽宁省,大连市,甘井子区,南关岭
辽宁省,大连市,甘井子区,后盐
辽宁省,大连市,甘井子区,吉祥街
辽宁省,大连市,甘井子区,千山心城
辽宁省,大连市,甘井子区,虹港路
辽宁省,大连市,甘井子区,椒房
辽宁省,大连市,甘井子区,泡崖
辽宁省,大连市,甘井子区,泡崖八区
辽宁省,大连市,甘井子区,王家桥
辽宁省,大连市,甘井子区,广贤路
辽宁省,大连市,甘井子区,春柳河
辽宁省,大连市,甘井子区,张前路
辽宁省,大连市,甘井子区,华南
辽宁省,大连市,甘井子区,泡崖子
辽宁省,大连市,甘井子区,迎客路
辽宁省,大连市,甘井子区,促进路
辽宁省,大连市,甘井子区,海事大学
辽宁省,大连市,甘井子区,金色阳光家园
辽宁省,大连市,甘井子区,黄浦路
辽宁省,大连市,甘井子区,周水子
辽宁省,大连市,甘井子区,辛寨子
辽宁省,大连市,甘井子区,松江路
辽宁省,大连市,甘井子区,金三角
辽宁省,大连市,甘井子区,营城子
辽宁省,大连市,甘井子区,千山路
辽宁省,大连市,甘井子区,锦绣小区
辽宁省,大连市,甘井子区,鹏辉新世纪
辽宁省,大连市,甘井子区,华中街
辽宁省,大连市,甘井子区,商务学院
辽宁省,大连市,甘井子区,泉水
辽宁省,大连市,甘井子区,轻工学院
辽宁省,大连市,甘井子区,中华路
辽宁省,大连市,甘井子区,天河路
辽宁省,大连市,甘井子区,庙岭
辽宁省,大连市,甘井子区,椒金山
辽宁省,大连市,甘井子区,东软
辽宁省,大连市,甘井子区,西山水库
辽宁省,大连市,甘井子区,兴华
辽宁省,大连市,甘井子区,图书馆
辽宁省,大连市,甘井子区,姚家
辽宁省,大连市,甘井子区,周水前
辽宁省,大连市,旅顺口区,铁山
辽宁省,大连市,旅顺口区,登峰
辽宁省,大连市,旅顺口区,光荣
辽宁省,大连市,旅顺口区,市场
辽宁省,大连市,旅顺口区,长城
辽宁省,大连市,旅顺口区,三涧堡
辽宁省,大连市,旅顺口区,江西
辽宁省,大连市,旅顺口区,北海街
辽宁省,大连市,旅顺口区,水师营
辽宁省,大连市,旅顺口区,兴海路
辽宁省,大连市,旅顺口区,老铁山
辽宁省,大连市,金州区,得胜
辽宁省,大连市,金州区,先进
辽宁省,大连市,金州区,三十里堡
辽宁省,大连市,金州区,华家屯
辽宁省,大连市,金州区,中长
辽宁省,大连市,金州区,开发区
辽宁省,大连市,金州区,站前
辽宁省,大连市,金州区,光明
辽宁省,大连市,金州区,登沙河
辽宁省,大连市,金州区,大孤山
辽宁省,大连市,金州区,拥政
辽宁省,大连市,金州区,海青岛
辽宁省,大连市,金州区,湾里
辽宁省,大连市,金州区,石河
辽宁省,大连市,金州区,马桥子
辽宁省,大连市,金州区,友谊街
辽宁省,大连市,金州区,新港
辽宁省,大连市,金州区,大魏家
辽宁省,大连市,金州区,金石滩
辽宁省,大连市,金州区,斯大林路
吉林省,长春市,南关区,明珠
吉林省,长春市,南关区,曙光
吉林省,长春市,南关区,好景山庄
吉林省,长春市,南关区,东大桥
吉林省,长春市,南关区,清明
吉林省,长春市,南关区,亚泰大街
吉林省,长春市,南关区,南关客运站
吉林省,长春市,南关区,平阳街
吉林省,长春市,南关区,桃源
吉林省,长春市,南关区,三道街
吉林省,长春市,南关区,近埠街
吉林省,长春市,南关区,文昌路
吉林省,长春市,南关区,南湖大路
吉林省,长春市,南关区,二道街
吉林省,长春市,南关区,二三小区
吉林省,长春市,南关区,四道街
吉林省,长春市,南关区,东北师大
吉林省,长春市,南关区,西五
吉林省,长春市,南关区,东岭街
吉林省,长春市,南关区,世界雕塑公园
吉林省,长春市,南关区,幸福街
吉林省,长春市,南关区,东天街
吉林省,长春市,南关区,三马路
吉林省,长春市,南关区,通化路
吉林省,长春市,南关区,卫星广场
吉林省,长春市,南关区,大经路
吉林省,长春市,南关区,青怡坊
吉林省,长春市,南关区,卫星路
吉林省,长春市,南关区,重庆路
吉林省,长春市,南关区,净月
吉林省,长春市,南关区,西三道街
吉林省,长春市,南关区,平治街
吉林省,长春市,南关区,磐石
吉林省,长春市,南关区,中医院
吉林省,长春市,南关区,文化宫
吉林省,长春市,南关区,民康
吉林省,长春市,南关区,大马路
吉林省,长春市,南关区,鸿城
吉林省,长春市,南关区,体育馆
吉林省,长春市,南关区,南岭
吉林省,长春市,南关区,西四小区
吉林省,长春市,南关区,树勋街
吉林省,长春市,南关区,珲春街
吉林省,长春市,南关区,全安
吉林省,长春市,南关区,新立城
吉林省,长春市,南关区,自强
吉林省,长春市,南关区,上海路
吉林省,长春市,南关区,岳阳街
吉林省,长春市,宽城区,光复路
吉林省,长春市,宽城区,凯旋路
吉林省,长春市,宽城区,南广场
吉林省,长春市,宽城区,东广场
吉林省,长春市,宽城区,华正
吉林省,长春市,宽城区,辽宁路
吉林省,长春市,宽城区,太阳城
吉林省,长春市,宽城区,南京大街
吉林省,长春市,宽城区,白菊
吉林省,长春市,宽城区,柳影
吉林省,长春市,宽城区,天光路
吉林省,长春市,宽城区,胜利公园
吉林省,长春市,宽城区,新发
吉林省,长春市,宽城区,长新街
吉林省,长春市,宽城区,车轮厂
吉林省,长春市,宽城区,站前
吉林省,长春市,宽城区,黑水路
吉林省,长春市,宽城区,火车站
吉林省,长春市,宽城区,东安
吉林省,长春市,宽城区,团山
吉林省,长春市,宽城区,西广场
吉林省,长春市,宽城区,贵阳街
吉林省,长春市,宽城区,长通
吉林省,长春市,宽城区,兴业
吉林省,长春市,朝阳区,长庆街
吉林省,长春市,朝阳区,红旗街
吉林省,长春市,朝阳区,区政府
吉林省,长春市,朝阳区,孟家
吉林省,长春市,朝阳区,新疆街
吉林省,长春市,朝阳区,富豪花园
吉林省,长春市,朝阳区,高新开发区
吉林省,长春市,朝阳区,繁荣路
吉林省,长春市,朝阳区,桂林路
吉林省,长春市,朝阳区,工学院
吉林省,长春市,朝阳区,宽平
吉林省,长春市,朝阳区,湖西路
吉林省,长春市,朝阳区,朝阳公园
吉林省,长春市,朝阳区,长春理工大学
吉林省,长春市,朝阳区,开工胡同
吉林省,长春市,朝阳区,大兴路
吉林省,长春市,朝阳区,人民大街
吉林省,长春市,朝阳区,南湖新村
吉林省,长春市,朝阳区,万宝街
吉林省,长春市,朝阳区,延安大路
吉林省,长春市,朝阳区,人民广场
吉林省,长春市,朝阳区,前进大街
吉林省,长春市,朝阳区,富锋
吉林省,长春市,朝阳区,南湖广场
吉林省,长春市,朝阳区,西中华路
吉林省,长春市,朝阳区,建设广场
吉林省,长春市,朝阳区,中医学院
吉林省,长春市,朝阳区,威尼
吉林省,长春市,朝阳区,同志街
吉林省,长春市,朝阳区,义和路
吉林省,长春市,朝阳区,锦水路
吉林省,长春市,朝阳区,吉大南校
吉林省,长春市,朝阳区,永昌
吉林省,长春市,朝阳区,隆礼路
吉林省,长春市,朝阳区,西朝阳路
吉林省,长春市,朝阳区,建设街
吉林省,长春市,朝阳区,同光路
吉林省,长春市,朝阳区,辉南街
吉林省,长春市,朝阳区,东朝阳路
吉林省,长春市,朝阳区,解放大路
吉林省,长春市,朝阳区,时代服饰
吉林省,长春市,朝阳区,南湖公园
吉林省,长春市,朝阳区,清和
吉林省,长春市,朝阳区,文化广场
吉林省,长春市,朝阳区,建工学院
吉林省,长春市,朝阳区,康平街
吉林省,长春市,朝阳区,百汇街
吉林省,长春市,朝阳区,开运街
吉林省,长春市,朝阳区,工农大路
吉林省,长春市,朝阳区,北安路
吉林省,长春市,二道区,民丰街
吉林省,长春市,二道区,东南湖大路
吉林省,长春市,二道区,紫盈花城
吉林省,长春市,二道区,荣光
吉林省,长春市,二道区,烟厂
吉林省,长春市,二道区,吉林大路
吉林省,长春市,二道区,公平路
吉林省,长春市,二道区,东盛大街
吉林省,长春市,二道区,吉盛小区
吉林省,长春市,二道区,中东大市场
吉林省,长春市,二道区,东站
吉林省,长春市,二道区,东环城路
吉林省,长春市,二道区,和顺
吉林省,长春市,二道区,自由大路
吉林省,长春市,二道区,临河
吉林省,长春市,二道区,远达
吉林省,长春市,二道区,八里堡
吉林省,长春市,二道区,岭东路
吉林省,长春市,绿园区,长春公园
吉林省,长春市,绿园区,锦程
吉林省,长春市,绿园区,客车厂
吉林省,长春市,绿园区,铁西
吉林省,长春市,绿园区,泰来街
吉林省,长春市,绿园区,南站
吉林省,长春市,绿园区,青年路
吉林省,长春市,绿园区,雁鸣湖
吉林省,长春市,绿园区,东风
吉林省,长春市,绿园区,西安广场
吉林省,长春市,绿园区,和平大街
吉林省,长春市,绿园区,飞跃广场
吉林省,长春市,绿园区,辽阳街
吉林省,长春市,绿园区,电影城
吉林省,长春市,绿园区,创业大街
吉林省,长春市,绿园区,安达街
吉林省,长春市,绿园区,青龙路
吉林省,长春市,绿园区,西安桥
吉林省,长春市,绿园区,西新
吉林省,长春市,绿园区,正阳街
吉林省,长春市,绿园区,锦江广场
吉林省,长春市,绿园区,万福街
吉林省,长春市,绿园区,普阳街
吉林省,长春市,绿园区,西安大路
吉林省,长春市,绿园区,汽贸城
吉林省,长春市,绿园区,升阳街
吉林省,长春市,绿园区,新竹
吉林省,长春市,绿园区,皓月大路
吉林省,长春市,绿园区,春城大街
吉林省,长春市,双阳区,云山
吉林省,长春市,双阳区,新安
吉林省,长春市,双阳区,平湖
黑龙江省,哈尔滨市,道里区,滨江
黑龙江省,哈尔滨市,道里区,人才市场
黑龙江省,哈尔滨市,道里区,兆麟
黑龙江省,哈尔滨市,道里区,共乐
黑龙江省,哈尔滨市,道里区,群力地区
黑龙江省,哈尔滨市,道里区,城乡路
黑龙江省,哈尔滨市,道里区,正阳河
黑龙江省,哈尔滨市,道里区,新阳路
黑龙江省,哈尔滨市,道里区,新华
黑龙江省,哈尔滨市,道里区,顾乡大街
黑龙江省,哈尔滨市,道里区,经纬
黑龙江省,哈尔滨市,道里区,抚顺
黑龙江省,哈尔滨市,道里区,民安街
黑龙江省,哈尔滨市,道里区,阳光颐养花园
黑龙江省,哈尔滨市,道里区,康安
黑龙江省,哈尔滨市,道里区,爱建社区
黑龙江省,哈尔滨市,道里区,运华广场
黑龙江省,哈尔滨市,道里区,工农
黑龙江省,哈尔滨市,道里区,安广街
黑龙江省,哈尔滨市,道里区,安静
黑龙江省,哈尔滨市,道里区,中央大街
黑龙江省,哈尔滨市,道里区,安和
黑龙江省,哈尔滨市,道里区,通江
黑龙江省,哈尔滨市,南岗区,秋林
黑龙江省,哈尔滨市,南岗区,奋斗
黑龙江省,哈尔滨市,南岗区,部街
黑龙江省,哈尔滨市,南岗区,泰山小区
黑龙江省,哈尔滨市,南岗区,大成
黑龙江省,哈尔滨市,南岗区,新春
黑龙江省,哈尔滨市,南岗区,昆仑商城
黑龙江省,哈尔滨市,南岗区,革新
黑龙江省,哈尔滨市,南岗区,芦家
黑龙江省,哈尔滨市,南岗区,燎原
黑龙江省,哈尔滨市,南岗区,通达
黑龙江省,哈尔滨市,南岗区,先锋
黑龙江省,哈尔滨市,南岗区,中宣街
黑龙江省,哈尔滨市,南岗区,宣化街
黑龙江省,哈尔滨市,南岗区,工电路
黑龙江省,哈尔滨市,南岗区,文昌街
黑龙江省,哈尔滨市,南岗区,松花江
黑龙江省,哈尔滨市,南岗区,曲线
黑龙江省,哈尔滨市,南岗区,荣市
黑龙江省,哈尔滨市,南岗区,文库街
黑龙江省,哈尔滨市,南岗区,哈工大
黑龙江省,哈尔滨市,南岗区,军工院
黑龙江省,哈尔滨市,南岗区,芦家街
黑龙江省,哈尔滨市,南岗区,和兴
黑龙江省,哈尔滨市,南岗区,阿什河
黑龙江省,哈尔滨市,南岗区,学府路
黑龙江省,哈尔滨市,南岗区,哈西
黑龙江省,哈尔滨市,南岗区,征仪路
黑龙江省,哈尔滨市,南岗区,开发区
黑龙江省,哈尔滨市,南岗区,七政
黑龙江省,哈尔滨市,南岗区,和兴路沿线
黑龙江省,哈尔滨市,南岗区,红旗
黑龙江省,哈尔滨市,道外区,胜利
黑龙江省,哈尔滨市,道外区,斯大林
黑龙江省,哈尔滨市,道外区,水泥路
黑龙江省,哈尔滨市,道外区,红平小区
黑龙江省,哈尔滨市,道外区,靖宇街沿线
黑龙江省,哈尔滨市,道外区,大兴
黑龙江省,哈尔滨市,道外区,火车头
黑龙江省,哈尔滨市,道外区,靖宇
黑龙江省,哈尔滨市,道外区,仁里
黑龙江省,哈尔滨市,道外区,化工
黑龙江省,哈尔滨市,道外区,东莱
黑龙江省,哈尔滨市,道外区,南极街
黑龙江省,哈尔滨市,道外区,南马
黑龙江省,哈尔滨市,道外区,太平
黑龙江省,哈尔滨市,道外区,崇俭
黑龙江省,哈尔滨市,道外区,文化宫
黑龙江省,哈尔滨市,道外区,哈尔滨东站
黑龙江省,哈尔滨市,道外区,振江
黑龙江省,哈尔滨市,道外区,和平小区
黑龙江省,哈尔滨市,道外区,大有坊
黑龙江省,哈尔滨市,道外区,东棵街
黑龙江省,哈尔滨市,道外区,海城街
黑龙江省,哈尔滨市,道外区,江畔景区
黑龙江省,哈尔滨市,道外区,大方里
黑龙江省,哈尔滨市,道外区,太古
黑龙江省,哈尔滨市,道外区,尚志
黑龙江省,哈尔滨市,道外区,新一
黑龙江省,哈尔滨市,道外区,淮河路
黑龙江省,哈尔滨市,香坊区,电力医院
黑龙江省,哈尔滨市,香坊区,六顺
黑龙江省,哈尔滨市,香坊区,通天
黑龙江省,哈尔滨市,香坊区,香电街
黑龙江省,哈尔滨市,香坊区,赣水路
黑龙江省,哈尔滨市,香坊区,菜艺街
黑龙江省,哈尔滨市,香坊区,民生路
黑龙江省,哈尔滨市,香坊区,省政府
黑龙江省,哈尔滨市,香坊区,新香坊
黑龙江省,哈尔滨市,香坊区,香坊大街
黑龙江省,哈尔滨市,香坊区,新成
黑龙江省,哈尔滨市,香坊区,安埠
黑龙江省,哈尔滨市,香坊区,木材厂
黑龙江省,哈尔滨市,香坊区,安埠街
黑龙江省,哈尔滨市,香坊区,松雷中学
黑龙江省,哈尔滨市,香坊区,三大动力路
黑龙江省,哈尔滨市,香坊区,东北农业大学
黑龙江省,哈尔滨市,动力区,大庆路
黑龙江省,哈尔滨市,动力区,和平路
黑龙江省,哈尔滨市,动力区,文政
黑龙江省,哈尔滨市,动力区,进乡
黑龙江省,哈尔滨市,动力区,安乐
黑龙江省,哈尔滨市,动力区,哈平路
黑龙江省,哈尔滨市,动力区,王兆
黑龙江省,哈尔滨市,动力区,通乡
黑龙江省,哈尔滨市,动力区,健康路
黑龙江省,哈尔滨市,动力区,黎明
黑龙江省,哈尔滨市,平房区,新疆
黑龙江省,哈尔滨市,平房区,联盟
黑龙江省,哈尔滨市,平房区,保国
黑龙江省,哈尔滨市,平房区,新疆大街
黑龙江省,哈尔滨市,平房区,平新
黑龙江省,哈尔滨市,平房区,新伟
黑龙江省,哈尔滨市,平房区,兴建
黑龙江省,哈尔滨市,平房区,友协
黑龙江省,哈尔滨市,松北区,世茂大道
黑龙江省,哈尔滨市,松北区,对青山
黑龙江省,哈尔滨市,松北区,中源大道
黑龙江省,哈尔滨市,松北区,松浦
黑龙江省,哈尔滨市,松北区,太阳岛
黑龙江省,哈尔滨市,市辖区,鸿翔路
黑龙江省,哈尔滨市,市辖区,安国街
黑龙江省,哈尔滨市,市辖区,火车站
黑龙江省,哈尔滨市,市辖区,果戈里
上海市,上海市,黄浦区,外滩
上海市,上海市,黄浦区,人民广场
上海市,上海市,黄浦区,豫园
上海市,上海市,黄浦区,老西门
上海市,上海市,黄浦区,南京东路
上海市,上海市,黄浦区,城隍庙
上海市,上海市,黄浦区,蓬莱公园
上海市,上海市,黄浦区,南浦大桥
上海市,上海市,黄浦区,半淞园路
上海市,上海市,黄浦区,董家渡
上海市,上海市,黄浦区,十六铺
上海市,上海市,卢湾区,鲁班路
上海市,上海市,卢湾区,新天地
上海市,上海市,卢湾区,淮海路
上海市,上海市,卢湾区,九院
上海市,上海市,卢湾区,五里桥
上海市,上海市,卢湾区,瑞金宾馆区
上海市,上海市,卢湾区,打浦桥
上海市,上海市,卢湾区,复兴公园
上海市,上海市,徐汇区,肇嘉浜路
上海市,上海市,徐汇区,丁香花园
上海市,上海市,徐汇区,龙华
上海市,上海市,徐汇区,上海南站
上海市,上海市,徐汇区,复兴西路
上海市,上海市,徐汇区,衡山路
上海市,上海市,徐汇区,岳阳
上海市,上海市,徐汇区,音乐学院
上海市,上海市,徐汇区,枫林路
上海市,上海市,徐汇区,徐家汇
上海市,上海市,徐汇区,万体馆
上海市,上海市,徐汇区,康建
上海市,上海市,徐汇区,长桥
上海市,上海市,徐汇区,华泾
上海市,上海市,徐汇区,交通大学
上海市,上海市,徐汇区,华东理工
上海市,上海市,徐汇区,湖南路
上海市,上海市,徐汇区,凌云路
上海市,上海市,徐汇区,田林
上海市,上海市,徐汇区,上海师大
上海市,上海市,徐汇区,斜土路
上海市,上海市,徐汇区,植物园
上海市,上海市,徐汇区,漕河泾
上海市,上海市,长宁区,中山公园
上海市,上海市,长宁区,北新泾
上海市,上海市,长宁区,动物园
上海市,上海市,长宁区,天山路
上海市,上海市,长宁区,新华路
上海市,上海市,长宁区,仙霞新村
上海市,上海市,长宁区,古北
上海市,上海市,长宁区,江苏路地铁
上海市,上海市,长宁区,程家桥
上海市,上海市,长宁区,镇宁路
上海市,上海市,长宁区,虹桥机场
上海市,上海市,长宁区,上海影城
上海市,上海市,静安区,北京西路
上海市,上海市,静安区,新闸路
上海市,上海市,静安区,静安寺
上海市,上海市,静安区,曹家渡
上海市,上海市,静安区,南京西路
上海市,上海市,静安区,同乐坊
上海市,上海市,静安区,江宁路
上海市,上海市,普陀区,长寿路
上海市,上海市,普陀区,桃浦
上海市,上海市,普陀区,金沙江路
上海市,上海市,普陀区,华师大
上海市,上海市,普陀区,甘泉路
上海市,上海市,普陀区,万里城
上海市,上海市,普陀区,长风公园
上海市,上海市,普陀区,曹杨
上海市,上海市,普陀区,长征
上海市,上海市,普陀区,真如
上海市,上海市,普陀区,中远两湾城
上海市,上海市,普陀区,真光新村
上海市,上海市,普陀区,武宁路
上海市,上海市,普陀区,石泉路
上海市,上海市,普陀区,宜川路
上海市,上海市,普陀区,梅川路
上海市,上海市,闸北区,大宁路
上海市,上海市,闸北区,彭浦新村
上海市,上海市,闸北区,场中路
上海市,上海市,闸北区,中山北路
上海市,上海市,闸北区,闸北公园
上海市,上海市,闸北区,西藏北路
上海市,上海市,闸北区,火车站
上海市,上海市,闸北区,芷江西路
上海市,上海市,闸北区,汶水路
上海市,上海市,闸北区,共和新路
上海市,上海市,闸北区,北区汽车站
上海市,上海市,闸北区,老北站
上海市,上海市,闸北区,和田
上海市,上海市,闸北区,延长路
上海市,上海市,闸北区,七浦路
上海市,上海市,闸北区,柳营路
上海市,上海市,闸北区,宝山路
上海市,上海市,闸北区,天目西路
上海市,上海市,虹口区,大连
上海市,上海市,虹口区,海宁路
上海市,上海市,虹口区,运光
上海市,上海市,虹口区,凉城
上海市,上海市,虹口区,四川北路
上海市,上海市,虹口区,四平路
上海市,上海市,虹口区,虹口足球场
上海市,上海市,虹口区,曲阳地区
上海市,上海市,虹口区,大柏树
上海市,上海市,虹口区,鲁迅公园
上海市,上海市,虹口区,临平路
上海市,上海市,虹口区,东宝兴路
上海市,上海市,虹口区,和平公园
上海市,上海市,虹口区,广中路
上海市,上海市,虹口区,江湾
上海市,上海市,杨浦区,复旦大学
上海市,上海市,杨浦区,长阳路
上海市,上海市,杨浦区,延吉
上海市,上海市,杨浦区,控江路
上海市,上海市,杨浦区,平凉路
上海市,上海市,杨浦区,杨浦公园
上海市,上海市,杨浦区,五角场
上海市,上海市,杨浦区,长海医院
上海市,上海市,杨浦区,江浦路
上海市,上海市,杨浦区,东外滩
上海市,上海市,杨浦区,新华医院
上海市,上海市,杨浦区,大学区
上海市,上海市,杨浦区,长白新村
上海市,上海市,杨浦区,鞍山
上海市,上海市,杨浦区,新江湾城
上海市,上海市,杨浦区,中原
上海市,上海市,杨浦区,周家嘴路
上海市,上海市,杨浦区,黄兴公园
上海市,上海市,闵行区,梅陇
上海市,上海市,闵行区,漕宝路
上海市,上海市,闵行区,浦江
上海市,上海市,闵行区,南方商城
上海市,上海市,闵行区,老闵行
上海市,上海市,闵行区,华漕
上海市,上海市,闵行区,罗阳
上海市,上海市,闵行区,颛桥
上海市,上海市,闵行区,江川路
上海市,上海市,闵行区,锦江乐园
上海市,上海市,闵行区,静安新城
上海市,上海市,闵行区,龙柏
上海市,上海市,闵行区,马桥
上海市,上海市,闵行区,吴泾
上海市,上海市,闵行区,莘庄
上海市,上海市,闵行区,虹梅路
上海市,上海市,闵行区,东兰路
上海市,上海市,闵行区,航华
上海市,上海市,闵行区,莘庄工业区
上海市,上海市,闵行区,万源城
上海市,上海市,闵行区,春申
上海市,上海市,闵行区,虹桥
上海市,上海市,闵行区,古美
上海市,上海市,闵行区,七宝
上海市,上海市,宝山区,长江西路
上海市,上海市,宝山区,罗店
上海市,上海市,宝山区,大场
上海市,上海市,宝山区,共富新村
上海市,上海市,宝山区,大华
上海市,上海市,宝山区,庙行
上海市,上海市,宝山区,吴淞
上海市,上海市,宝山区,上海大学
上海市,上海市,宝山区,友谊路
上海市,上海市,宝山区,北翼商业街
上海市,上海市,宝山区,淞宝
上海市,上海市,宝山区,水产路
上海市,上海市,宝山区,月浦
上海市,上海市,宝山区,锦秋花园
上海市,上海市,宝山区,罗泾
上海市,上海市,宝山区,杨行
上海市,上海市,宝山区,张庙
上海市,上海市,宝山区,淞南
上海市,上海市,宝山区,共康
上海市,上海市,宝山区,高境
上海市,上海市,宝山区,通河新村
上海市,上海市,宝山区,顾村
上海市,上海市,宝山区,泗塘新村
上海市,上海市,嘉定区,安亭
上海市,上海市,嘉定区,菊园新区
上海市,上海市,嘉定区,丰庄
上海市,上海市,嘉定区,真新新村
上海市,上海市,嘉定区,马陆
上海市,上海市,嘉定区,南翔
上海市,上海市,嘉定区,江桥
上海市,上海市,嘉定区,嘉定城区
上海市,上海市,浦东新区,金杨新村
上海市,上海市,浦东新区,康桥
上海市,上海市,浦东新区,洋泾
上海市,上海市,浦东新区,芦潮港
上海市,上海市,浦东新区,北蔡
上海市,上海市,浦东新区,源深体育中心
上海市,上海市,浦东新区,上南地区
上海市,上海市,浦东新区,高行
上海市,上海市,浦东新区,泥城
上海市,上海市,浦东新区,张江
上海市,上海市,浦东新区,花木
上海市,上海市,浦东新区,新场
上海市,上海市,浦东新区,东明路
上海市,上海市,浦东新区,祝桥
上海市,上海市,浦东新区,周浦
上海市,上海市,浦东新区,三林
上海市,上海市,浦东新区,碧云社区
上海市,上海市,浦东新区,上钢新村
上海市,上海市,浦东新区,曹路
上海市,上海市,浦东新区,临港新城
上海市,上海市,浦东新区,航头
上海市,上海市,浦东新区,川沙
上海市,上海市,浦东新区,梅园
上海市,上海市,浦东新区,南码头
上海市,上海市,浦东新区,外高桥
上海市,上海市,浦东新区,金桥
上海市,上海市,浦东新区,陆家嘴
上海市,上海市,浦东新区,世纪公园
上海市,上海市,浦东新区,八佰伴
上海市,上海市,浦东新区,唐镇
上海市,上海市,浦东新区,周家渡
上海市,上海市,浦东新区,六里
上海市,上海市,浦东新区,惠南
上海市,上海市,浦东新区,塘桥
上海市,上海市,金山区,朱泾
上海市,上海市,金山区,亭林
上海市,上海市,金山区,枫泾
上海市,上海市,金山区,石化
上海市,上海市,金山区,金山卫
上海市,上海市,松江区,松江新城
上海市,上海市,松江区,佘山
上海市,上海市,松江区,方松
上海市,上海市,松江区,永丰
上海市,上海市,松江区,松江大学城
上海市,上海市,松江区,新桥
上海市,上海市,松江区,松江工业区
上海市,上海市,松江区,中山
上海市,上海市,松江区,洞泾
上海市,上海市,松江区,九亭
上海市,上海市,青浦区,朱家角
上海市,上海市,青浦区,重固
上海市,上海市,青浦区,白鹤
上海市,上海市,青浦区,赵巷
上海市,上海市,青浦区,徐泾
上海市,上海市,奉贤区,南桥
上海市,上海市,奉贤区,海湾
上海市,上海市,奉贤区,奉城
上海市,上海市,奉贤区,柘林
上海市,上海市,奉贤区,庄行
上海市,上海市,奉贤区,金汇
上海市,上海市,崇明县,城桥
上海市,上海市,崇明县,陈家
上海市,上海市,崇明县,堡镇
上海市,上海市,崇明县,长兴岛
江苏省,南京市,玄武区,梅园
江苏省,南京市,玄武区,太平门
江苏省,南京市,玄武区,后宰门
江苏省,南京市,玄武区,紫金山
江苏省,南京市,玄武区,丹凤街
江苏省,南京市,玄武区,锁金村
江苏省,南京市,玄武区,兰园
江苏省,南京市,玄武区,玄武湖
江苏省,南京市,玄武区,火车站
江苏省,南京市,玄武区,碑亭巷
江苏省,南京市,玄武区,孝陵卫
江苏省,南京市,玄武区,卫岗
江苏省,南京市,玄武区,月苑
江苏省,南京市,玄武区,红山
江苏省,南京市,玄武区,珠江路
江苏省,南京市,白下区,新街口
江苏省,南京市,白下区,止马营
江苏省,南京市,白下区,苜蓿园
江苏省,南京市,白下区,石鼓路
江苏省,南京市,白下区,淮海路
江苏省,南京市,白下区,洪武路
江苏省,南京市,白下区,长白街
江苏省,南京市,白下区,建康路
江苏省,南京市,白下区,五老村
江苏省,南京市,白下区,汉中路
江苏省,南京市,白下区,瑞金路
江苏省,南京市,白下区,常府街
江苏省,南京市,白下区,大光路
江苏省,南京市,白下区,白衣庵
江苏省,南京市,白下区,光华路
江苏省,南京市,白下区,朝天宫
江苏省,南京市,秦淮区,红花
江苏省,南京市,秦淮区,夫子庙
江苏省,南京市,秦淮区,中华门
江苏省,南京市,秦淮区,双塘
江苏省,南京市,秦淮区,秦虹
江苏省,南京市,秦淮区,赛虹桥
江苏省,南京市,秦淮区,集庆路
江苏省,南京市,秦淮区,升州路
江苏省,南京市,建邺区,双闸
江苏省,南京市,建邺区,应天西路
江苏省,南京市,建邺区,湖西街
江苏省,南京市,建邺区,莫愁湖公园
江苏省,南京市,建邺区,白鹭花园
江苏省,南京市,建邺区,兴隆
江苏省,南京市,建邺区,长虹路
江苏省,南京市,建邺区,南湖
江苏省,南京市,建邺区,建邺万达
江苏省,南京市,建邺区,水西门
江苏省,南京市,建邺区,江心洲
江苏省,南京市,建邺区,沙洲
江苏省,南京市,建邺区,茶南
江苏省,南京市,建邺区,南苑
江苏省,南京市,鼓楼区,中央路
江苏省,南京市,鼓楼区,湖北路
江苏省,南京市,鼓楼区,龙江
江苏省,南京市,鼓楼区,玄武门
江苏省,南京市,鼓楼区,草场门
江苏省,南京市,鼓楼区,山西路
江苏省,南京市,鼓楼区,江东
江苏省,南京市,鼓楼区,华侨路
江苏省,南京市,鼓楼区,中央门
江苏省,南京市,鼓楼区,南大
江苏省,南京市,鼓楼区,南师大
江苏省,南京市,鼓楼区,宁海路
江苏省,南京市,鼓楼区,三牌楼
江苏省,南京市,鼓楼区,湖南路
江苏省,南京市,下关区,阅江楼
江苏省,南京市,下关区,宝塔桥
江苏省,南京市,下关区,金陵小区
江苏省,南京市,下关区,小市
江苏省,南京市,下关区,建宁路
江苏省,南京市,下关区,中山桥
江苏省,南京市,下关区,挹江门
江苏省,南京市,下关区,中山码头
江苏省,南京市,下关区,热河南路
江苏省,南京市,下关区,幕府山
江苏省,南京市,下关区,西站
江苏省,南京市,浦口区,泰山
江苏省,南京市,浦口区,顶山
江苏省,南京市,浦口区,沿江
江苏省,南京市,浦口区,江浦
江苏省,南京市,栖霞区,燕子矶
江苏省,南京市,栖霞区,迈皋桥
江苏省,南京市,栖霞区,仙林
江苏省,南京市,栖霞区,尧化
江苏省,南京市,栖霞区,龙潭
江苏省,南京市,栖霞区,和燕路
江苏省,南京市,栖霞区,马群
江苏省,南京市,栖霞区,亚东
江苏省,南京市,雨花台区,宁南
江苏省,南京市,雨花台区,西善桥
江苏省,南京市,雨花台区,板桥
江苏省,南京市,雨花台区,雨花新村
江苏省,南京市,雨花台区,小行
江苏省,南京市,雨花台区,梅山
江苏省,南京市,雨花台区,安德门
江苏省,南京市,雨花台区,铁心桥
江苏省,南京市,雨花台区,能仁里
江苏省,南京市,江宁区,岔口路
江苏省,南京市,江宁区,方山
江苏省,南京市,江宁区,百家湖
江苏省,南京市,江宁区,东善桥
江苏省,南京市,江宁区,上坊
江苏省,南京市,江宁区,东山
江苏省,南京市,江宁区,科学园
江苏省,南京市,江宁区,开发区
江苏省,南京市,江宁区,秣陵
江苏省,南京市,江宁区,淳化
江苏省,南京市,六合区,龙池
江苏省,南京市,六合区,长芦
江苏省,南京市,六合区,葛塘
江苏省,南京市,六合区,山潘
江苏省,南京市,六合区,西厂门
江苏省,南京市,六合区,卸甲甸
江苏省,南京市,六合区,雄州
江苏省,南京市,溧水县,柘塘
江苏省,南京市,溧水县,洪蓝
江苏省,南京市,溧水县,东屏
江苏省,南京市,溧水县,永阳
江苏省,南京市,溧水县,白马
江苏省,南京市,高淳县,淳溪
江苏省,南京市,高淳县,桠溪
江苏省,南京市,高淳县,固城
江苏省,无锡市,崇安区,火车站
江苏省,无锡市,崇安区,通江
江苏省,无锡市,崇安区,上马墩
江苏省,无锡市,崇安区,广瑞路
江苏省,无锡市,崇安区,新华书店
江苏省,无锡市,崇安区,广益
江苏省,无锡市,崇安区,崇安寺
江苏省,无锡市,崇安区,东林广场
江苏省,无锡市,崇安区,江海
江苏省,无锡市,崇安区,中山路
江苏省,无锡市,南长区,运河西路
江苏省,无锡市,南长区,扬名中心小学
江苏省,无锡市,南长区,五爱路
江苏省,无锡市,南长区,图书馆
江苏省,无锡市,南长区,金星
江苏省,无锡市,南长区,清扬路
江苏省,无锡市,南长区,金匮
江苏省,无锡市,南长区,扬名
江苏省,无锡市,南长区,中桥
江苏省,无锡市,南长区,南禅寺
江苏省,无锡市,南长区,金城桥
江苏省,无锡市,南长区,清名桥
江苏省,无锡市,南长区,迎龙桥
江苏省,无锡市,南长区,体育公园
江苏省,无锡市,北塘区,黄巷
江苏省,无锡市,北塘区,青石路
江苏省,无锡市,北塘区,山北
江苏省,无锡市,北塘区,五爱广场
江苏省,无锡市,北塘区,北大街
江苏省,无锡市,北塘区,霞美路
江苏省,无锡市,北塘区,锡惠路
江苏省,无锡市,北塘区,惠山
江苏省,无锡市,锡山区,东北塘
江苏省,无锡市,锡山区,东亭
江苏省,无锡市,锡山区,鸿山
江苏省,无锡市,锡山区,锡北
江苏省,无锡市,锡山区,羊尖
江苏省,无锡市,锡山区,安镇
江苏省,无锡市,锡山区,东港
江苏省,无锡市,锡山区,鹅湖
江苏省,无锡市,惠山区,长安
江苏省,无锡市,惠山区,钱桥
江苏省,无锡市,惠山区,堰桥
江苏省,无锡市,滨湖区,荣巷
江苏省,无锡市,滨湖区,雪浪
江苏省,无锡市,滨湖区,蠡湖
江苏省,无锡市,滨湖区,华庄
江苏省,无锡市,滨湖区,旺庄
江苏省,无锡市,滨湖区,蠡园
江苏省,无锡市,滨湖区,河埒
江苏省,常州市,天宁区,怡康花园
江苏省,常州市,天宁区,丽华三村
江苏省,常州市,天宁区,朝阳四村
江苏省,常州市,天宁区,兰陵
江苏省,常州市,天宁区,人民公园
江苏省,常州市,天宁区,博爱路
江苏省,常州市,天宁区,北环路
江苏省,常州市,天宁区,红梅公园
江苏省,常州市,天宁区,锦绣花园
江苏省,常州市,天宁区,文化宫
江苏省,常州市,天宁区,永宁花园
江苏省,常州市,天宁区,劳动新村
江苏省,常州市,天宁区,浦南新村
江苏省,常州市,天宁区,翠竹新村
江苏省,常州市,天宁区,浦北新村
江苏省,常州市,天宁区,富强新村
江苏省,常州市,天宁区,光华路
江苏省,常州市,天宁区,红梅东村
江苏省,常州市,天宁区,丽华二村
江苏省,常州市,天宁区,清凉新村
江苏省,常州市,天宁区,丽华一村
江苏省,常州市,天宁区,桃园新村
江苏省,常州市,天宁区,永宁路
江苏省,常州市,天宁区,红梅新村
江苏省,常州市,天宁区,劳动西路
江苏省,常州市,天宁区,工人新村
江苏省,常州市,钟楼区,西新桥
江苏省,常州市,钟楼区,金色新城
江苏省,常州市,钟楼区,工业学院
江苏省,常州市,钟楼区,蓝色星空
江苏省,常州市,钟楼区,广化街
江苏省,常州市,钟楼区,杨柳巷
江苏省,常州市,钟楼区,荆川公园
江苏省,常州市,钟楼区,西新桥三村
江苏省,常州市,钟楼区,体育馆
江苏省,常州市,钟楼区,西新桥二村
江苏省,常州市,钟楼区,花园南村
江苏省,常州市,钟楼区,勤德家园
江苏省,常州市,钟楼区,机械新村
江苏省,常州市,钟楼区,五星公园
江苏省,常州市,钟楼区,白云新村
江苏省,常州市,钟楼区,邮电路
江苏省,常州市,钟楼区,马公桥
江苏省,常州市,钟楼区,都市桃源
江苏省,常州市,钟楼区,紫阳花园
江苏省,常州市,钟楼区,花园新村
江苏省,常州市,钟楼区,世纪明珠园
江苏省,常州市,钟楼区,怀德桥
江苏省,常州市,钟楼区,清潭新村
江苏省,常州市,钟楼区,兰园
江苏省,常州市,钟楼区,勤业新村
江苏省,常州市,新北区,市政府
江苏省,常州市,新北区,新龙花苑
江苏省,常州市,新北区,黄山路
江苏省,常州市,新北区,薛家
江苏省,常州市,新北区,龙虎塘
江苏省,常州市,新北区,藻江花园
江苏省,常州市,新北区,河海大学
江苏省,常州市,新北区,兰翔新村
江苏省,常州市,新北区,三井
江苏省,常州市,新北区,奥林匹克花园
江苏省,常州市,新北区,圩塘
江苏省,常州市,新北区,珠江花园
江苏省,常州市,武进区,横林
江苏省,常州市,武进区,丽华南村
江苏省,常州市,武进区,湖塘镇
江苏省,常州市,武进区,小留
江苏省,常州市,武进区,鸣凰
江苏省,常州市,武进区,马杭
江苏省,常州市,武进区,中凉新村
江苏省,常州市,武进区,新城南都
江苏省,苏州市,沧浪区,凤凰街
江苏省,苏州市,沧浪区,胥江
江苏省,苏州市,沧浪区,双塔
江苏省,苏州市,沧浪区,盘门
江苏省,苏州市,沧浪区,友新
江苏省,苏州市,沧浪区,吴门桥
江苏省,苏州市,沧浪区,十全街
江苏省,苏州市,沧浪区,观前街
江苏省,苏州市,沧浪区,南门
江苏省,苏州市,平江区,娄门
江苏省,苏州市,平江区,山塘街
江苏省,苏州市,平江区,景德路沿线
江苏省,苏州市,平江区,拙政园
江苏省,苏州市,平江区,火车站
江苏省,苏州市,平江区,白塔西路
江苏省,苏州市,平江区,桃花坞
江苏省,苏州市,平江区,南浩街
江苏省,苏州市,金阊区,西园
江苏省,苏州市,金阊区,三香路
江苏省,苏州市,金阊区,石路
江苏省,苏州市,金阊区,彩香
江苏省,苏州市,金阊区,苏锦
江苏省,苏州市,金阊区,虎丘
江苏省,苏州市,金阊区,留园
江苏省,苏州市,金阊区,白洋湾
江苏省,苏州市,虎丘区,东渚
江苏省,苏州市,虎丘区,狮山
江苏省,苏州市,虎丘区,横塘
江苏省,苏州市,虎丘区,阳山
江苏省,苏州市,虎丘区,浒墅关
江苏省,苏州市,虎丘区,枫桥
江苏省,苏州市,虎丘区,通安
江苏省,苏州市,吴中区,娄葑
江苏省,苏州市,吴中区,苏苑
江苏省,苏州市,吴中区,甪直
江苏省,苏州市,吴中区,吴中西路
江苏省,苏州市,吴中区,临湖
江苏省,苏州市,吴中区,龙西
江苏省,苏州市,吴中区,镇湖
江苏省,苏州市,吴中区,光福
江苏省,苏州市,吴中区,科技城
江苏省,苏州市,吴中区,横泾
江苏省,苏州市,吴中区,湖东
江苏省,苏州市,吴中区,城南
江苏省,苏州市,吴中区,独墅湖
江苏省,苏州市,吴中区,胜浦
江苏省,苏州市,吴中区,越溪
江苏省,苏州市,吴中区,博览中心
江苏省,苏州市,吴中区,长桥
江苏省,苏州市,吴中区,郭巷
江苏省,苏州市,吴中区,东环路
江苏省,苏州市,吴中区,西山
江苏省,苏州市,吴中区,邻里中心
江苏省,苏州市,吴中区,青剑湖
江苏省,苏州市,吴中区,木渎
江苏省,苏州市,吴中区,胥口
江苏省,苏州市,吴中区,开发区
江苏省,苏州市,吴中区,湖西
江苏省,苏州市,吴中区,左岸商业街
江苏省,苏州市,吴中区,东山
江苏省,苏州市,吴中区,唯亭
江苏省,苏州市,吴中区,李公堤
江苏省,苏州市,吴中区,香山
江苏省,苏州市,吴中区,葑门
江苏省,苏州市,相城区,渭塘
江苏省,苏州市,相城区,北桥
江苏省,苏州市,相城区,太平
江苏省,苏州市,相城区,陆慕
江苏省,苏州市,相城区,阳澄湖
江苏省,苏州市,相城区,望亭
江苏省,苏州市,相城区,元和
江苏省,苏州市,相城区,黄埭
江苏省,苏州市,相城区,黄桥
江苏省,苏州市,昆山市,张浦
江苏省,苏州市,昆山市,玉山
江苏省,苏州市,昆山市,巴城
江苏省,苏州市,昆山市,锦溪
江苏省,苏州市,昆山市,周市
江苏省,苏州市,昆山市,千灯
江苏省,苏州市,昆山市,周庄
江苏省,苏州市,昆山市,淀山湖
江苏省,苏州市,吴江市,盛泽
江苏省,苏州市,吴江市,七都
江苏省,苏州市,吴江市,松陵
江苏省,苏州市,吴江市,震泽
江苏省,苏州市,吴江市,汾湖
江苏省,苏州市,吴江市,同里
江苏省,苏州市,吴江市,平望
江苏省,苏州市,吴江市,横扇
江苏省,苏州市,吴江市,桃源
江苏省,扬州市,广陵区,石塔寺
江苏省,扬州市,广陵区,文昌路
江苏省,扬州市,邗江区,文昌西路沿线
江苏省,扬州市,维扬区,四望亭路沿线
浙江省,杭州市,上城区,南山路
浙江省,杭州市,上城区,河坊街
浙江省,杭州市,上城区,小营
浙江省,杭州市,上城区,西湖大道
浙江省,杭州市,上城区,平海路
浙江省,杭州市,上城区,南星
浙江省,杭州市,上城区,城站火车站
浙江省,杭州市,上城区,吴山广场
浙江省,杭州市,上城区,解放路
浙江省,杭州市,上城区,近江
浙江省,杭州市,上城区,望江
浙江省,杭州市,上城区,湖滨
浙江省,杭州市,上城区,清波
浙江省,杭州市,下城区,艮山
浙江省,杭州市,下城区,凤起路
浙江省,杭州市,下城区,朝晖
浙江省,杭州市,下城区,潮鸣
浙江省,杭州市,下城区,武林广场
浙江省,杭州市,下城区,天水
浙江省,杭州市,下城区,庆春路
浙江省,杭州市,下城区,建国路
浙江省,杭州市,下城区,环城西路
浙江省,杭州市,下城区,东新路
浙江省,杭州市,下城区,长庆
浙江省,杭州市,江干区,闸弄口
浙江省,杭州市,江干区,城东
浙江省,杭州市,江干区,凯旋
浙江省,杭州市,江干区,中洲
浙江省,杭州市,江干区,四季青
浙江省,杭州市,江干区,白杨
浙江省,杭州市,江干区,笕桥
浙江省,杭州市,江干区,秋涛北路
浙江省,杭州市,江干区,火车东站
浙江省,杭州市,江干区,下沙
浙江省,杭州市,江干区,采荷
浙江省,杭州市,拱墅区,大关
浙江省,杭州市,拱墅区,小河
浙江省,杭州市,拱墅区,米市巷
浙江省,杭州市,拱墅区,湖墅南路
浙江省,杭州市,拱墅区,余杭塘上
浙江省,杭州市,拱墅区,拱宸桥
浙江省,杭州市,拱墅区,德胜
浙江省,杭州市,拱墅区,上塘
浙江省,杭州市,拱墅区,半山
浙江省,杭州市,拱墅区,和睦
浙江省,杭州市,拱墅区,康桥
浙江省,杭州市,西湖区,黄龙
浙江省,杭州市,西湖区,文一路
浙江省,杭州市,西湖区,古荡
浙江省,杭州市,西湖区,龙井
浙江省,杭州市,西湖区,天目山路
浙江省,杭州市,西湖区,北山
浙江省,杭州市,西湖区,虎跑
浙江省,杭州市,西湖区,高新文教区
浙江省,杭州市,西湖区,西溪
浙江省,杭州市,西湖区,古墩路
浙江省,杭州市,西湖区,文三路
浙江省,杭州市,西湖区,灵隐
浙江省,杭州市,西湖区,文新
浙江省,杭州市,西湖区,三墩
浙江省,杭州市,西湖区,翠苑
浙江省,杭州市,西湖区,西湖北线
浙江省,杭州市,西湖区,西湖
浙江省,杭州市,西湖区,文二路
浙江省,杭州市,滨江区,开发区
浙江省,杭州市,滨江区,浦沿
浙江省,杭州市,滨江区,高教园
浙江省,杭州市,滨江区,西兴
浙江省,杭州市,滨江区,长河
浙江省,杭州市,滨江区,江南
浙江省,杭州市,萧山区,文明路
浙江省,杭州市,萧山区,城厢
浙江省,杭州市,萧山区,党山
浙江省,杭州市,萧山区,所前
浙江省,杭州市,萧山区,河上
浙江省,杭州市,萧山区,北干
浙江省,杭州市,萧山区,宁围
浙江省,杭州市,萧山区,戴村
浙江省,杭州市,萧山区,闻堰
浙江省,杭州市,萧山区,潘水路
浙江省,杭州市,萧山区,金惠路
浙江省,杭州市,萧山区,新街
浙江省,杭州市,萧山区,通惠北路
浙江省,杭州市,萧山区,市心广场
浙江省,杭州市,萧山区,金鸡路
浙江省,杭州市,萧山区,市心中路
浙江省,杭州市,萧山区,世贸广场
浙江省,杭州市,萧山区,市心南路
浙江省,杭州市,萧山区,萧绍路
浙江省,杭州市,萧山区,崇化路
浙江省,杭州市,萧山区,高桥
浙江省,杭州市,萧山区,风情大道
浙江省,杭州市,萧山区,坎山
浙江省,杭州市,萧山区,育才路
浙江省,杭州市,萧山区,建设二路
浙江省,杭州市,萧山区,湘湖路
浙江省,杭州市,萧山区,萧金路
浙江省,杭州市,萧山区,金城路
浙江省,杭州市,萧山区,市心北路
浙江省,杭州市,萧山区,南阳
浙江省,杭州市,萧山区,建设一路
浙江省,杭州市,萧山区,宁东路
浙江省,杭州市,萧山区,蜀山
浙江省,杭州市,萧山区,建设三路
浙江省,杭州市,萧山区,山阴
浙江省,杭州市,萧山区,靖江
浙江省,杭州市,萧山区,道源路
浙江省,杭州市,萧山区,临浦
浙江省,杭州市,萧山区,河庄
浙江省,杭州市,萧山区,义蓬
浙江省,杭州市,萧山区,工人路
浙江省,杭州市,萧山区,浦阳
浙江省,杭州市,萧山区,新塘
浙江省,杭州市,萧山区,通惠中路
浙江省,杭州市,萧山区,衙前
浙江省,杭州市,余杭区,百丈
浙江省,杭州市,余杭区,仁和
浙江省,杭州市,余杭区,勾庄
浙江省,杭州市,余杭区,南苑
浙江省,杭州市,余杭区,闲林
浙江省,杭州市,余杭区,东湖
浙江省,杭州市,余杭区,良渚
浙江省,杭州市,余杭区,仓前
浙江省,杭州市,余杭区,崇贤
浙江省,杭州市,余杭区,运河
浙江省,杭州市,余杭区,星桥
浙江省,杭州市,余杭区,瓶窑
浙江省,杭州市,余杭区,天都城
浙江省,杭州市,余杭区,临平
浙江省,杭州市,余杭区,金家渡
浙江省,杭州市,余杭区,塘栖
浙江省,杭州市,余杭区,乔司
浙江省,杭州市,桐庐县,分水
浙江省,杭州市,桐庐县,富春江
浙江省,杭州市,桐庐县,瑶琳
浙江省,杭州市,桐庐县,横村
浙江省,杭州市,桐庐县,桐君
浙江省,杭州市,淳安县,千岛湖
浙江省,杭州市,淳安县,石林
浙江省,杭州市,富阳市,春江
浙江省,杭州市,富阳市,东洲
浙江省,杭州市,富阳市,鹿山
浙江省,杭州市,临安市,玲珑
浙江省,杭州市,临安市,青山湖
浙江省,杭州市,临安市,锦城
浙江省,宁波市,海曙区,高塘四村
浙江省,宁波市,海曙区,灵桥
浙江省,宁波市,海曙区,江厦
浙江省,宁波市,海曙区,市政府
浙江省,宁波市,海曙区,南门
浙江省,宁波市,海曙区,望春
浙江省,宁波市,海曙区,孝闻街
浙江省,宁波市,海曙区,恒春街
浙江省,宁波市,海曙区,机场路
浙江省,宁波市,海曙区,白云
浙江省,宁波市,海曙区,永丰路
浙江省,宁波市,海曙区,马园
浙江省,宁波市,海曙区,县学街
浙江省,宁波市,海曙区,西河街
浙江省,宁波市,海曙区,城隍庙
浙江省,宁波市,海曙区,中山西路
浙江省,宁波市,海曙区,宝善路
浙江省,宁波市,海曙区,西湾路
浙江省,宁波市,海曙区,新典路
浙江省,宁波市,海曙区,鼓楼
浙江省,宁波市,海曙区,段塘
浙江省,宁波市,海曙区,胜丰路
浙江省,宁波市,海曙区,解放南路
浙江省,宁波市,海曙区,苗圃路
浙江省,宁波市,海曙区,天一广场
浙江省,宁波市,海曙区,鄞奉路
浙江省,宁波市,海曙区,前丰街
浙江省,宁波市,海曙区,莫家巷
浙江省,宁波市,海曙区,兴宁桥
浙江省,宁波市,海曙区,柳汀街
浙江省,宁波市,海曙区,中山广场
浙江省,宁波市,海曙区,苍松路
浙江省,宁波市,海曙区,青少年宫
浙江省,宁波市,海曙区,南苑街
浙江省,宁波市,海曙区,开明街
浙江省,宁波市,海曙区,天一家园
浙江省,宁波市,海曙区,广济街
浙江省,宁波市,海曙区,大沙泥街
浙江省,宁波市,海曙区,人才市场
浙江省,宁波市,海曙区,三市路
浙江省,宁波市,海曙区,文昌街
浙江省,宁波市,海曙区,西门
浙江省,宁波市,海曙区,咏归路
浙江省,宁波市,海曙区,翠柏路
浙江省,宁波市,海曙区,镇明路
浙江省,宁波市,海曙区,月湖公园
浙江省,宁波市,海曙区,新芝路
浙江省,宁波市,海曙区,呼童街
浙江省,宁波市,海曙区,联丰路
浙江省,宁波市,海曙区,月湖
浙江省,宁波市,江东区,新江厦商城
浙江省,宁波市,江东区,兴宁路
浙江省,宁波市,江东区,百丈路
浙江省,宁波市,江东区,锦地水岸
浙江省,宁波市,江东区,福明
浙江省,宁波市,江东区,中兴路
浙江省,宁波市,江东区,东柳
浙江省,宁波市,江东区,曙光路
浙江省,宁波市,江东区,白鹤
浙江省,宁波市,江东区,通途路
浙江省,宁波市,江东区,东胜
浙江省,宁波市,江东区,彩虹路
浙江省,宁波市,江东区,徐戎路
浙江省,宁波市,江东区,朱雀新村
浙江省,宁波市,江东区,箕漕街
浙江省,宁波市,江东区,东郊
浙江省,宁波市,江东区,七塔寺
浙江省,宁波市,江东区,黄鹂新村
浙江省,宁波市,江东区,彩虹北路
浙江省,宁波市,江东区,桑田路
浙江省,宁波市,江东区,紫鹃新村
浙江省,宁波市,江东区,芙蓉路
浙江省,宁波市,江东区,彩虹南路
浙江省,宁波市,江东区,日月星城
浙江省,宁波市,江东区,华光城
浙江省,宁波市,江东区,明楼
浙江省,宁波市,江东区,常青藤小城
浙江省,宁波市,江东区,汽车东站
浙江省,宁波市,江东区,体育中心
浙江省,宁波市,江东区,贺丞路
浙江省,宁波市,江东区,宁穿路
浙江省,宁波市,江东区,百丈
浙江省,宁波市,江东区,华侨城
浙江省,宁波市,江东区,东海花园
浙江省,宁波市,江东区,沧海路
浙江省,宁波市,江东区,李惠利医院
浙江省,宁波市,江东区,曙光电影院
浙江省,宁波市,江东区,中山东路
浙江省,宁波市,江北区,白沙
浙江省,宁波市,江北区,大庆北路
浙江省,宁波市,江北区,建业街
浙江省,宁波市,江北区,桃源小区
浙江省,宁波市,江北区,文教
浙江省,宁波市,江北区,环城北路
浙江省,宁波市,江北区,庄桥
浙江省,宁波市,江北区,洪塘
浙江省,宁波市,江北区,老外滩
浙江省,宁波市,江北区,大闸路
浙江省,宁波市,江北区,槐树路
浙江省,宁波市,江北区,大庆南路
浙江省,宁波市,江北区,华业街
浙江省,宁波市,江北区,宁波大剧院
浙江省,宁波市,江北区,孔浦
浙江省,宁波市,江北区,清河路
浙江省,宁波市,江北区,新马路
浙江省,宁波市,江北区,育才家园
浙江省,宁波市,江北区,人民路
浙江省,宁波市,江北区,西草马路
浙江省,宁波市,江北区,育才路
浙江省,宁波市,江北区,范江岸路
浙江省,宁波市,江北区,中马
浙江省,宁波市,江北区,倪家堰
浙江省,宁波市,江北区,双东坊
浙江省,宁波市,北仑区,新矸
浙江省,宁波市,北仑区,大碶
浙江省,宁波市,北仑区,新碶
浙江省,宁波市,北仑区,小港
浙江省,宁波市,北仑区,大榭
浙江省,宁波市,北仑区,柴桥
浙江省,宁波市,北仑区,霞浦
浙江省,宁波市,北仑区,戚家山
浙江省,宁波市,镇海区,庄市
浙江省,宁波市,镇海区,九龙湖
浙江省,宁波市,镇海区,招宝山
浙江省,宁波市,镇海区,蛟川
浙江省,宁波市,镇海区,骆驼
浙江省,宁波市,鄞州区,陈婆渡
浙江省,宁波市,鄞州区,麦德龙
浙江省,宁波市,鄞州区,东钱湖
浙江省,宁波市,鄞州区,宋诏桥
浙江省,宁波市,鄞州区,下应
浙江省,宁波市,鄞州区,钟公庙
浙江省,宁波市,鄞州区,石碶
浙江省,宁波市,鄞州区,飞虹新村
浙江省,宁波市,鄞州区,甬兴新村
浙江省,宁波市,鄞州区,鄞县大道
浙江省,宁波市,鄞州区,天童北路
浙江省,宁波市,鄞州区,高桥镇
浙江省,宁波市,鄞州区,首南
浙江省,宁波市,鄞州区,中河
浙江省,宁波市,鄞州区,王家弄
浙江省,宁波市,鄞州区,梅墟
浙江省,宁波市,鄞州区,金家漕
浙江省,宁波市,鄞州区,江南春晓
浙江省,宁波市,鄞州区,高教园区
浙江省,宁波市,鄞州区,轻纺城
浙江省,宁波市,鄞州区,万里学院
浙江省,宁波市,宁海县,桥头胡
浙江省,宁波市,宁海县,梅林
浙江省,宁波市,宁海县,跃龙
浙江省,宁波市,宁海县,桃源
浙江省,宁波市,余姚市,低塘
浙江省,宁波市,余姚市,西北
浙江省,宁波市,余姚市,东南
浙江省,宁波市,慈溪市,宗汉
浙江省,宁波市,慈溪市,坎墩
浙江省,宁波市,慈溪市,浒山
浙江省,宁波市,奉化市,江口
浙江省,宁波市,奉化市,西坞
浙江省,宁波市,奉化市,锦屏
浙江省,宁波市,奉化市,岳林
浙江省,温州市,鹿城区,广化
浙江省,温州市,鹿城区,黄龙
浙江省,温州市,鹿城区,泽雅
浙江省,温州市,鹿城区,双屿
浙江省,温州市,鹿城区,藤桥
浙江省,温州市,鹿城区,绣山
浙江省,温州市,鹿城区,江滨
浙江省,温州市,鹿城区,西站
浙江省,温州市,鹿城区,南浦
浙江省,温州市,鹿城区,东游路
浙江省,温州市,鹿城区,洪殿
浙江省,温州市,鹿城区,莲池
浙江省,温州市,鹿城区,客运中心
浙江省,温州市,鹿城区,蒲鞋市
浙江省,温州市,鹿城区,医学院
浙江省,温州市,鹿城区,南门
浙江省,温州市,鹿城区,法派路
浙江省,温州市,鹿城区,五马街
浙江省,温州市,鹿城区,水心
浙江省,温州市,龙湾区,沙城
浙江省,温州市,龙湾区,海滨
浙江省,温州市,龙湾区,天河
浙江省,温州市,龙湾区,海城
浙江省,温州市,龙湾区,状元
浙江省,温州市,龙湾区,蒲州
浙江省,温州市,龙湾区,永中
浙江省,温州市,龙湾区,灵昆
浙江省,温州市,龙湾区,瑶溪
浙江省,温州市,龙湾区,永兴
浙江省,温州市,瓯海区,丽岙
浙江省,温州市,瓯海区,瞿溪
浙江省,温州市,瓯海区,新桥
浙江省,温州市,瓯海区,郭溪
浙江省,温州市,瓯海区,大堡底
浙江省,温州市,瓯海区,茶山
浙江省,温州市,瓯海区,潘桥
浙江省,温州市,瓯海区,仙岩
浙江省,温州市,瓯海区,南白象
浙江省,温州市,瓯海区,景山
浙江省,温州市,瓯海区,娄桥
浙江省,温州市,瓯海区,梧田
浙江省,温州市,洞头县,北岙
浙江省,温州市,洞头县,元觉
浙江省,温州市,洞头县,东屏
浙江省,温州市,永嘉县,桥头
浙江省,温州市,永嘉县,沙头
浙江省,温州市,永嘉县,乌牛
浙江省,温州市,永嘉县,枫林
浙江省,温州市,永嘉县,上塘
浙江省,温州市,永嘉县,瓯北
浙江省,温州市,永嘉县,桥下
浙江省,温州市,永嘉县,岩头
浙江省,温州市,平阳县,昆阳
浙江省,温州市,平阳县,鳌江
浙江省,温州市,平阳县,钱仓
浙江省,温州市,平阳县,萧江
浙江省,温州市,平阳县,水头
浙江省,温州市,平阳县,郑楼
浙江省,温州市,平阳县,腾蛟
浙江省,温州市,平阳县,南雁
浙江省,温州市,苍南县,桥墩
浙江省,温州市,苍南县,金乡
浙江省,温州市,苍南县,望里
浙江省,温州市,苍南县,龙港
浙江省,温州市,苍南县,霞关
浙江省,温州市,苍南县,灵溪
浙江省,温州市,苍南县,钱库
浙江省,温州市,苍南县,宜山
浙江省,温州市,文成县,西坑畲族
浙江省,温州市,文成县,南田
浙江省,温州市,泰顺县,罗阳
浙江省,温州市,泰顺县,百丈
浙江省,温州市,泰顺县,雅阳
浙江省,温州市,瑞安市,仙降
浙江省,温州市,瑞安市,塘下
浙江省,温州市,瑞安市,马屿
浙江省,温州市,瑞安市,东山
浙江省,温州市,瑞安市,上望
浙江省,温州市,瑞安市,汀田
浙江省,温州市,瑞安市,玉海
浙江省,温州市,瑞安市,塘西
浙江省,温州市,瑞安市,安阳
浙江省,温州市,瑞安市,平阳坑
浙江省,温州市,瑞安市,陶山
浙江省,温州市,瑞安市,飞云
浙江省,温州市,瑞安市,锦湖
浙江省,温州市,乐清市,象阳
浙江省,温州市,乐清市,清江
浙江省,温州市,乐清市,虹桥
浙江省,温州市,乐清市,南塘
浙江省,温州市,乐清市,蒲岐
浙江省,温州市,乐清市,柳市
浙江省,温州市,乐清市,淡溪
浙江省,温州市,乐清市,石帆
浙江省,温州市,乐清市,乐成
浙江省,温州市,乐清市,雁荡
浙江省,温州市,乐清市,芙蓉
浙江省,温州市,乐清市,七里港
浙江省,温州市,乐清市,黄华
浙江省,温州市,乐清市,北白象
浙江省,温州市,乐清市,大荆
浙江省,温州市,乐清市,白石
浙江省,温州市,乐清市,磐石
浙江省,嘉兴市,秀洲区,塘汇
浙江省,嘉兴市,秀洲区,高照
浙江省,嘉兴市,南湖区,城南
浙江省,嘉兴市,南湖区,解放
浙江省,嘉兴市,南湖区,东栅
浙江省,舟山市,定海区,盐仓
浙江省,舟山市,定海区,岑港
浙江省,舟山市,定海区,马岙
浙江省,舟山市,定海区,白泉
浙江省,舟山市,定海区,册子
浙江省,舟山市,定海区,双桥
浙江省,舟山市,定海区,金塘
浙江省,舟山市,定海区,北蝉
浙江省,舟山市,定海区,临城
浙江省,舟山市,普陀区,普陀山
浙江省,舟山市,普陀区,勾山
浙江省,舟山市,普陀区,朱家尖
浙江省,舟山市,普陀区,东极
浙江省,舟山市,普陀区,蚂蚁
浙江省,舟山市,普陀区,东港
浙江省,舟山市,普陀区,登步
浙江省,舟山市,普陀区,沈家门
浙江省,舟山市,普陀区,虾峙
浙江省,舟山市,岱山县,高亭
浙江省,舟山市,岱山县,岱西
浙江省,舟山市,岱山县,衢山
浙江省,丽水市,莲都区,囿山
浙江省,丽水市,莲都区,三岩寺
浙江省,丽水市,莲都区,白云
浙江省,丽水市,莲都区,海潮
浙江省,丽水市,莲都区,大水门
浙江省,丽水市,莲都区,东苑
浙江省,丽水市,莲都区,怡景
浙江省,丽水市,莲都区,后庆
浙江省,丽水市,莲都区,丽青路
浙江省,丽水市,莲都区,银苑
浙江省,丽水市,莲都区,灯塔
浙江省,丽水市,莲都区,天宁
浙江省,丽水市,莲都区,梅山
浙江省,丽水市,莲都区,中东路
浙江省,丽水市,莲都区,碧湖
浙江省,丽水市,莲都区,纳爱斯
浙江省,丽水市,莲都区,华敦街
浙江省,丽水市,莲都区,党校
浙江省,丽水市,莲都区,万丰
浙江省,丽水市,莲都区,丽阳门
安徽省,合肥市,瑶海区,汪塘
安徽省,合肥市,瑶海区,滁州路
安徽省,合肥市,瑶海区,临泉路
安徽省,合肥市,瑶海区,大通路
安徽省,合肥市,瑶海区,红光
安徽省,合肥市,瑶海区,安徽大市场
安徽省,合肥市,瑶海区,车站
安徽省,合肥市,瑶海区,裕丰花市
安徽省,合肥市,瑶海区,三里街
安徽省,合肥市,瑶海区,明光路
安徽省,合肥市,瑶海区,七里站
安徽省,合肥市,瑶海区,临淮路
安徽省,合肥市,瑶海区,方庙
安徽省,合肥市,瑶海区,国际汽车城
安徽省,合肥市,瑶海区,凤阳路
安徽省,合肥市,瑶海区,当涂路
安徽省,合肥市,瑶海区,通达路
安徽省,合肥市,瑶海区,元一时代广场
安徽省,合肥市,瑶海区,新亚汽车站
安徽省,合肥市,瑶海区,长江批发市场
安徽省,合肥市,瑶海区,胜利广场
安徽省,合肥市,瑶海区,龙岗
安徽省,合肥市,瑶海区,站西路
安徽省,合肥市,瑶海区,胜利路
安徽省,合肥市,瑶海区,长淮
安徽省,合肥市,瑶海区,铜陵路
安徽省,合肥市,瑶海区,合裕路
安徽省,合肥市,瑶海区,长江东路
安徽省,合肥市,瑶海区,十一中
安徽省,合肥市,瑶海区,张洼路
安徽省,合肥市,瑶海区,站塘
安徽省,合肥市,瑶海区,和平广场
安徽省,合肥市,瑶海区,全椒路
安徽省,合肥市,瑶海区,城东
安徽省,合肥市,瑶海区,合肥站
安徽省,合肥市,瑶海区,和平路
安徽省,合肥市,瑶海区,七里塘
安徽省,合肥市,瑶海区,金大塘
安徽省,合肥市,瑶海区,双七路
安徽省,合肥市,瑶海区,大东门
安徽省,合肥市,瑶海区,五里井
安徽省,合肥市,瑶海区,天长路
安徽省,合肥市,庐阳区,六安路
安徽省,合肥市,庐阳区,红星路
安徽省,合肥市,庐阳区,大西门
安徽省,合肥市,庐阳区,四里河
安徽省,合肥市,庐阳区,六安路小学
安徽省,合肥市,庐阳区,安庆路
安徽省,合肥市,庐阳区,绿都花园
安徽省,合肥市,庐阳区,南国花园
安徽省,合肥市,庐阳区,庐江路
安徽省,合肥市,庐阳区,砀山路
安徽省,合肥市,庐阳区,阜阳路桥
安徽省,合肥市,庐阳区,杏林
安徽省,合肥市,庐阳区,县桥
安徽省,合肥市,庐阳区,杏花公园
安徽省,合肥市,庐阳区,双岗
安徽省,合肥市,庐阳区,百花井
安徽省,合肥市,庐阳区,海棠
安徽省,合肥市,庐阳区,蒙城路
安徽省,合肥市,庐阳区,工大北区
安徽省,合肥市,庐阳区,鼓楼
安徽省,合肥市,庐阳区,商之都
安徽省,合肥市,庐阳区,城隍庙
安徽省,合肥市,庐阳区,三孝口
安徽省,合肥市,庐阳区,逍遥津
安徽省,合肥市,庐阳区,四牌楼
安徽省,合肥市,庐阳区,濉溪路
安徽省,合肥市,庐阳区,阜阳北路
安徽省,合肥市,庐阳区,白水坝
安徽省,合肥市,庐阳区,阜南路
安徽省,合肥市,庐阳区,光明
安徽省,合肥市,庐阳区,荣事达大道
安徽省,合肥市,庐阳区,高河埂
安徽省,合肥市,庐阳区,益民
安徽省,合肥市,庐阳区,五河路
安徽省,合肥市,庐阳区,宿州路
安徽省,合肥市,庐阳区,望城店
安徽省,合肥市,庐阳区,公交四公司
安徽省,合肥市,庐阳区,亳州路
安徽省,合肥市,庐阳区,长江中路
安徽省,合肥市,庐阳区,寿春
安徽省,合肥市,庐阳区,三牌楼
安徽省,合肥市,庐阳区,市府广场
安徽省,合肥市,蜀山区,合作化北路
安徽省,合肥市,蜀山区,贵池路
安徽省,合肥市,蜀山区,十里庙
安徽省,合肥市,蜀山区,金色池塘
安徽省,合肥市,蜀山区,青阳路
安徽省,合肥市,蜀山区,建工学院
安徽省,合肥市,蜀山区,五里墩
安徽省,合肥市,蜀山区,黄山路
安徽省,合肥市,蜀山区,长江西路
安徽省,合肥市,蜀山区,梅山路
安徽省,合肥市,蜀山区,二环路
安徽省,合肥市,蜀山区,龙河路
安徽省,合肥市,蜀山区,望江路
安徽省,合肥市,蜀山区,海关路
安徽省,合肥市,蜀山区,石台路
安徽省,合肥市,蜀山区,软件园
安徽省,合肥市,蜀山区,大铺头
安徽省,合肥市,蜀山区,史河路
安徽省,合肥市,蜀山区,三里庵
安徽省,合肥市,蜀山区,淠河路
安徽省,合肥市,蜀山区,科技园
安徽省,合肥市,蜀山区,井岗
安徽省,合肥市,蜀山区,清溪路
安徽省,合肥市,蜀山区,玉兰新村
安徽省,合肥市,蜀山区,东至路
安徽省,合肥市,蜀山区,奥林花园
安徽省,合肥市,蜀山区,安居苑
安徽省,合肥市,蜀山区,潜山路
安徽省,合肥市,蜀山区,荷叶地
安徽省,合肥市,蜀山区,岳西路
安徽省,合肥市,蜀山区,安徽农业大学
安徽省,合肥市,蜀山区,翠竹园
安徽省,合肥市,蜀山区,二里街
安徽省,合肥市,蜀山区,陈村路
安徽省,合肥市,蜀山区,安徽大学
安徽省,合肥市,蜀山区,新加坡花园城
安徽省,合肥市,蜀山区,环湖东路
安徽省,合肥市,蜀山区,明珠广场
安徽省,合肥市,蜀山区,合作化南路
安徽省,合肥市,蜀山区,梦园小区
安徽省,合肥市,蜀山区,仪表厂
安徽省,合肥市,蜀山区,桃花
安徽省,合肥市,蜀山区,樊洼路
安徽省,合肥市,蜀山区,琥珀山庄
安徽省,合肥市,蜀山区,卫楼
安徽省,合肥市,蜀山区,西园新村
安徽省,合肥市,蜀山区,科技大学
安徽省,合肥市,蜀山区,西站
安徽省,合肥市,蜀山区,霍山路
安徽省,合肥市,包河区,合肥工业大学
安徽省,合肥市,包河区,宣城路
安徽省,合肥市,包河区,金寨路
安徽省,合肥市,包河区,王大郢
安徽省,合肥市,包河区,风和园
安徽省,合肥市,包河区,宁国路
安徽省,合肥市,包河区,姚公庙
安徽省,合肥市,包河区,九华山路
安徽省,合肥市,包河区,稻香楼
安徽省,合肥市,包河区,义兴
安徽省,合肥市,包河区,骆岗
安徽省,合肥市,包河区,芜湖路
安徽省,合肥市,包河区,东流路
安徽省,合肥市,包河区,合家福购物广场
安徽省,合肥市,包河区,东陈岗
安徽省,合肥市,包河区,十五里河
安徽省,合肥市,包河区,包河公园
安徽省,合肥市,包河区,文昌新村
安徽省,合肥市,包河区,大钟楼
安徽省,合肥市,包河区,曙光新村
安徽省,合肥市,包河区,桐城路
安徽省,合肥市,包河区,宿松路
安徽省,合肥市,包河区,太湖路
安徽省,合肥市,包河区,二中
安徽省,合肥市,包河区,义城
安徽省,合肥市,包河区,周谷堆
安徽省,合肥市,包河区,屯溪路
安徽省,合肥市,包河区,马鞍山路
安徽省,合肥市,包河区,葛大店
安徽省,合肥市,包河区,常青
安徽省,合肥市,包河区,大圩
安徽省,合肥市,包河区,铁四局
安徽省,合肥市,包河区,巢湖路
安徽省,合肥市,包河区,卫岗
安徽省,合肥市,包河区,梁园路
安徽省,合肥市,包河区,南园新村
安徽省,合肥市,包河区,前进巷
安徽省,合肥市,包河区,世纪阳光花园
安徽省,合肥市,长丰县,岗集
安徽省,合肥市,长丰县,杨庙
安徽省,合肥市,长丰县,双墩
安徽省,合肥市,长丰县,吴山
安徽省,合肥市,长丰县,水湖
安徽省,合肥市,肥东县,梁园
安徽省,合肥市,肥东县,古城
安徽省,合肥市,肥东县,撮镇
安徽省,合肥市,肥东县,店埠
安徽省,合肥市,肥东县,龙塘
安徽省,合肥市,肥西县,农兴
安徽省,合肥市,肥西县,小庙
安徽省,合肥市,肥西县,上派
安徽省,合肥市,肥西县,官亭
安徽省,合肥市,肥西县,三河
福建省,福州市,鼓楼区,元帅路
福建省,福州市,鼓楼区,东大路
福建省,福州市,鼓楼区,乌山
福建省,福州市,鼓楼区,省立医院
福建省,福州市,鼓楼区,津泰
福建省,福州市,鼓楼区,安泰
福建省,福州市,鼓楼区,东街口
福建省,福州市,鼓楼区,福州广场
福建省,福州市,鼓楼区,琴湖路
福建省,福州市,鼓楼区,树汤路
福建省,福州市,鼓楼区,温泉
福建省,福州市,鼓楼区,达明路
福建省,福州市,鼓楼区,江厝路
福建省,福州市,鼓楼区,铜盘
福建省,福州市,鼓楼区,福飞南路
福建省,福州市,鼓楼区,省体育中心
福建省,福州市,鼓楼区,鼓西
福建省,福州市,鼓楼区,洪山桥
福建省,福州市,鼓楼区,湖头街
福建省,福州市,鼓楼区,西禅寺
福建省,福州市,鼓楼区,西营里
福建省,福州市,鼓楼区,古乐路
福建省,福州市,鼓楼区,斗池
福建省,福州市,鼓楼区,省委党校
福建省,福州市,鼓楼区,福新路
福建省,福州市,鼓楼区,北大路
福建省,福州市,鼓楼区,西湖公园
福建省,福州市,鼓楼区,华林路
福建省,福州市,鼓楼区,鼓东
福建省,福州市,鼓楼区,琴亭
福建省,福州市,鼓楼区,湖前
福建省,福州市,鼓楼区,通湖路
福建省,福州市,鼓楼区,北环中路
福建省,福州市,鼓楼区,三角井
福建省,福州市,鼓楼区,双子星大厦
福建省,福州市,鼓楼区,西洪路
福建省,福州市,鼓楼区,屏西
福建省,福州市,鼓楼区,永安街
福建省,福州市,鼓楼区,侨雄
福建省,福州市,鼓楼区,道山路
福建省,福州市,鼓楼区,龙庭路
福建省,福州市,鼓楼区,屏东
福建省,福州市,鼓楼区,省图书馆
福建省,福州市,鼓楼区,六一北路
福建省,福州市,鼓楼区,水部
福建省,福州市,鼓楼区,五一广场
福建省,福州市,鼓楼区,尚宾路
福建省,福州市,鼓楼区,古田路
福建省,福州市,鼓楼区,河南新村
福建省,福州市,鼓楼区,五凤
福建省,福州市,鼓楼区,湖东路
福建省,福州市,鼓楼区,蒙古营
福建省,福州市,鼓楼区,东水路
福建省,福州市,鼓楼区,华大
福建省,福州市,鼓楼区,五四路
福建省,福州市,鼓楼区,井大路
福建省,福州市,鼓楼区,金泉路
福建省,福州市,鼓楼区,南街
福建省,福州市,鼓楼区,屏山
福建省,福州市,鼓楼区,仙塔街
福建省,福州市,鼓楼区,梅峰
福建省,福州市,鼓楼区,左海
福建省,福州市,鼓楼区,杨桥东路
福建省,福州市,鼓楼区,杨桥中路
福建省,福州市,台江区,宁化
福建省,福州市,台江区,三桥
福建省,福州市,台江区,亚峰
福建省,福州市,台江区,高桥
福建省,福州市,台江区,台江步行街
福建省,福州市,台江区,宝龙
福建省,福州市,台江区,工业路
福建省,福州市,台江区,南公园
福建省,福州市,台江区,广达路
福建省,福州市,台江区,新港
福建省,福州市,台江区,白马河
福建省,福州市,台江区,文化宫
福建省,福州市,台江区,元洪城
福建省,福州市,台江区,白马中路
福建省,福州市,台江区,洋头口
福建省,福州市,台江区,后洲
福建省,福州市,台江区,国货西路
福建省,福州市,台江区,台江广场
福建省,福州市,台江区,祥坂路
福建省,福州市,台江区,苍霞
福建省,福州市,台江区,洋中
福建省,福州市,台江区,排尾
福建省,福州市,台江区,长汀路
福建省,福州市,台江区,达道
福建省,福州市,台江区,荷泽
福建省,福州市,台江区,茶亭
福建省,福州市,台江区,下杭路
福建省,福州市,台江区,瀛洲
福建省,福州市,台江区,交通路
福建省,福州市,台江区,同德路
福建省,福州市,台江区,博美诗邦
福建省,福州市,台江区,五一路
福建省,福州市,台江区,凤凰新村
福建省,福州市,台江区,西二环南路
福建省,福州市,台江区,六一中路
福建省,福州市,台江区,中亭街
福建省,福州市,台江区,群众路
福建省,福州市,台江区,学军路
福建省,福州市,台江区,上海
福建省,福州市,台江区,浦东
福建省,福州市,台江区,安平小区
福建省,福州市,台江区,万象城
福建省,福州市,台江区,白马南路
福建省,福州市,台江区,义洲
福建省,福州市,台江区,鳌峰
福建省,福州市,台江区,八一七中路
福建省,福州市,台江区,闽江学院
福建省,福州市,台江区,永升城
福建省,福州市,仓山区,白湖亭
福建省,福州市,仓山区,金山工业
福建省,福州市,仓山区,东升
福建省,福州市,仓山区,六一南路
福建省,福州市,仓山区,观海路
福建省,福州市,仓山区,施埔
福建省,福州市,仓山区,仓山科技园
福建省,福州市,仓山区,临江
福建省,福州市,仓山区,三叉街
福建省,福州市,仓山区,榕城广场
福建省,福州市,仓山区,学府
福建省,福州市,仓山区,马榕
福建省,福州市,仓山区,首山
福建省,福州市,仓山区,种福寺
福建省,福州市,仓山区,江边
福建省,福州市,仓山区,上渡
福建省,福州市,仓山区,浦下
福建省,福州市,仓山区,三高路
福建省,福州市,仓山区,浦上
福建省,福州市,仓山区,建新
福建省,福州市,仓山区,洪塘
福建省,福州市,仓山区,三县洲大桥
福建省,福州市,仓山区,高湖
福建省,福州市,仓山区,福州展览城
福建省,福州市,仓山区,下渡
福建省,福州市,仓山区,仓前
福建省,福州市,仓山区,对湖
福建省,福州市,仓山区,上山路
福建省,福州市,仓山区,福建农林大学
福建省,福州市,仓山区,淮安
福建省,福州市,仓山区,则徐大道
福建省,福州市,仓山区,龙院
福建省,福州市,仓山区,尤溪洲
福建省,福州市,仓山区,福建师范大学
福建省,福州市,仓山区,上三路
福建省,福州市,仓山区,橘园洲
福建省,福州市,仓山区,金山
福建省,福州市,仓山区,洋洽
福建省,福州市,仓山区,附中
福建省,福州市,马尾区,罗星
福建省,福州市,马尾区,亭江
福建省,福州市,马尾区,马尾
福建省,福州市,晋安区,秀山
福建省,福州市,晋安区,茶会
福建省,福州市,晋安区,二化
福建省,福州市,晋安区,上洋
福建省,福州市,晋安区,西园
福建省,福州市,晋安区,东站
福建省,福州市,晋安区,电建二公司
福建省,福州市,晋安区,森林公园
福建省,福州市,晋安区,福马路
福建省,福州市,晋安区,五里亭
福建省,福州市,晋安区,融侨东区
福建省,福州市,晋安区,金鸡山路
福建省,福州市,晋安区,肿瘤医院
福建省,福州市,晋安区,九龙城
福建省,福州市,晋安区,象园
福建省,福州市,晋安区,前屿
福建省,福州市,晋安区,火车站
福建省,福州市,晋安区,王庄
福建省,福州市,晋安区,古城
福建省,福州市,晋安区,大名城
福建省,福州市,晋安区,福新东路
福建省,福州市,晋安区,茶园
福建省,福州市,晋安区,紫阳
福建省,福州市,晋安区,三木都市田园
福建省,福州市,晋安区,前横路
福建省,福州市,晋安区,晋连路
福建省,福州市,晋安区,溪口
福建省,福州市,晋安区,化工路
福建省,福州市,晋安区,桂山
福建省,福州市,晋安区,福飞北路
福建省,福州市,晋安区,三八路
福建省,福州市,晋安区,新店
福建省,福州市,晋安区,官前路
福建省,福州市,晋安区,桂香
福建省,福州市,晋安区,鼓山
福建省,福州市,晋安区,国货东路
福建省,福州市,晋安区,洋下
福建省,福州市,晋安区,南平西路
福建省,福州市,晋安区,斗门
福建省,福州市,晋安区,长乐路
福建省,福州市,晋安区,塔头
福建省,福州市,晋安区,连潘
福建省,福州市,晋安区,幸福城
福建省,福州市,晋安区,岳峰
福建省,厦门市,思明区,白鹭洲公园
福建省,厦门市,思明区,国贸
福建省,厦门市,思明区,厦港
福建省,厦门市,思明区,开元
福建省,厦门市,思明区,厦禾路
福建省,厦门市,思明区,莲花
福建省,厦门市,思明区,莲前
福建省,厦门市,思明区,文灶
福建省,厦门市,思明区,嘉禾路
福建省,厦门市,思明区,莲坂
福建省,厦门市,思明区,轮渡
福建省,厦门市,思明区,中华
福建省,厦门市,思明区,滨海
福建省,厦门市,思明区,火车站
福建省,厦门市,思明区,筼筜
福建省,厦门市,思明区,湖滨北路
福建省,厦门市,思明区,胡里山
福建省,厦门市,思明区,鼓浪屿
福建省,厦门市,思明区,湖滨南路
福建省,厦门市,思明区,中山路
福建省,厦门市,思明区,理工学院
福建省,厦门市,思明区,厦门大学
福建省,厦门市,思明区,南普陀
福建省,厦门市,思明区,非矿
福建省,厦门市,思明区,禾祥西路
福建省,厦门市,思明区,鹭江
福建省,厦门市,思明区,前埔医院
福建省,厦门市,思明区,七星西路
福建省,厦门市,思明区,前埔村
福建省,厦门市,思明区,松柏
福建省,厦门市,思明区,梧村
福建省,厦门市,思明区,厦大医院
福建省,厦门市,思明区,嘉莲
福建省,厦门市,海沧区,东孚
福建省,厦门市,海沧区,钟林路
福建省,厦门市,海沧区,石塘
福建省,厦门市,海沧区,沧虹路
福建省,厦门市,海沧区,海富路
福建省,厦门市,海沧区,新阳工业区
福建省,厦门市,海沧区,沧林路
福建省,厦门市,湖里区,康乐
福建省,厦门市,湖里区,台湾街
福建省,厦门市,湖里区,金尚路
福建省,厦门市,湖里区,禾山
福建省,厦门市,湖里区,殿前
福建省,厦门市,湖里区,大唐世家
福建省,厦门市,湖里区,百乐园
福建省,厦门市,湖里区,江头
福建省,厦门市,湖里区,兴隆路
福建省,厦门市,湖里区,南山路
福建省,厦门市,湖里区,湖里公园
福建省,厦门市,湖里区,仙岳路
福建省,厦门市,湖里区,吕岭路
福建省,厦门市,湖里区,湖里大道
福建省,厦门市,湖里区,塘边
福建省,厦门市,湖里区,穆厝
福建省,厦门市,湖里区,嘉园路
福建省,厦门市,湖里区,东渡路
福建省,厦门市,湖里区,金山小区
福建省,厦门市,集美区,杏西路
福建省,厦门市,集美区,灌口
福建省,厦门市,集美区,杏林
福建省,厦门市,集美区,集美学村
福建省,厦门市,集美区,石鼓路
福建省,厦门市,集美区,同集南路
福建省,厦门市,集美区,集源路
福建省,厦门市,集美区,银江路
福建省,厦门市,集美区,后溪
福建省,厦门市,集美区,杏北路
福建省,厦门市,集美区,杏东路
福建省,厦门市,集美区,侨英
福建省,厦门市,集美区,杏南路
福建省,厦门市,集美区,印斗路
福建省,厦门市,同安区,南门路
福建省,厦门市,同安区,洪塘
福建省,厦门市,同安区,汀溪
福建省,厦门市,同安区,莲花
福建省,厦门市,同安区,西柯
福建省,厦门市,同安区,五显
福建省,厦门市,同安区,大同
福建省,厦门市,同安区,祥平
福建省,厦门市,同安区,西桥路
福建省,厦门市,同安区,银湖路
福建省,厦门市,同安区,新民
福建省,厦门市,同安区,城南路
福建省,厦门市,翔安区,大嶝
福建省,厦门市,翔安区,马巷
福建省,厦门市,翔安区,新圩
福建省,厦门市,翔安区,新店
福建省,厦门市,翔安区,内厝
江西省,南昌市,东湖区,五纬路
江西省,南昌市,东湖区,象山北路
江西省,南昌市,东湖区,青山路
江西省,南昌市,东湖区,二七北路
江西省,南昌市,东湖区,南京西路
江西省,南昌市,东湖区,子固路
江西省,南昌市,东湖区,八一公园
江西省,南昌市,东湖区,董家窑
江西省,南昌市,东湖区,文教路
江西省,南昌市,东湖区,豫章
江西省,南昌市,东湖区,八一桥
江西省,南昌市,东湖区,彭家桥
江西省,南昌市,东湖区,江西师大
江西省,南昌市,东湖区,榕门路
江西省,南昌市,东湖区,八一大道
江西省,南昌市,东湖区,工人文化宫
江西省,南昌市,东湖区,中山路
江西省,南昌市,东湖区,民德路
江西省,南昌市,东湖区,公园
江西省,南昌市,东湖区,省政府
江西省,南昌市,东湖区,滕王阁
江西省,南昌市,东湖区,沙沟
江西省,南昌市,东湖区,三经路
江西省,南昌市,东湖区,大士院
江西省,南昌市,东湖区,爱国路
江西省,南昌市,东湖区,贤士花园
江西省,南昌市,东湖区,贤士湖
江西省,南昌市,东湖区,墩子塘
江西省,南昌市,东湖区,钟鼓楼
江西省,南昌市,东湖区,贤士二路
江西省,南昌市,东湖区,大院
江西省,南昌市,东湖区,百花洲
江西省,南昌市,西湖区,司马庙
江西省,南昌市,西湖区,象山南路
江西省,南昌市,西湖区,南浦
江西省,南昌市,西湖区,广场东路
江西省,南昌市,西湖区,金盘
江西省,南昌市,西湖区,南柴
江西省,南昌市,西湖区,桃源
江西省,南昌市,西湖区,老福山
江西省,南昌市,西湖区,坛子口
江西省,南昌市,西湖区,孺子路
江西省,南昌市,西湖区,海关
江西省,南昌市,西湖区,南站
江西省,南昌市,西湖区,广场南路
江西省,南昌市,西湖区,丁公路
江西省,南昌市,西湖区,站前西路
江西省,南昌市,西湖区,广润门
江西省,南昌市,西湖区,朝阳洲
江西省,南昌市,西湖区,江电
江西省,南昌市,西湖区,洪城路
江西省,南昌市,西湖区,系马桩
江西省,南昌市,西湖区,桃花路
江西省,南昌市,西湖区,火车站
江西省,南昌市,西湖区,绳金塔
江西省,南昌市,西湖区,凉伞树
江西省,南昌市,西湖区,抚生路
江西省,南昌市,西湖区,十字街
江西省,南昌市,青云谱区,熊坊
江西省,南昌市,青云谱区,解放西路
江西省,南昌市,青云谱区,徐家坊
江西省,南昌市,青云谱区,岱山
江西省,南昌市,青云谱区,龙王庙
江西省,南昌市,青云谱区,新溪桥
江西省,南昌市,青云谱区,井冈山
江西省,南昌市,青云谱区,京山
江西省,南昌市,青云谱区,洪都
江西省,南昌市,青云谱区,三家店
江西省,南昌市,青云谱区,迎宾北大道
江西省,南昌市,湾里区,梅岭
江西省,南昌市,湾里区,招贤
江西省,南昌市,湾里区,幸福
江西省,南昌市,湾里区,太平
江西省,南昌市,青山湖区,上海北路
江西省,南昌市,青山湖区,天虹商场
江西省,南昌市,青山湖区,京东
江西省,南昌市,青山湖区,江大南路
江西省,南昌市,青山湖区,塘山
江西省,南昌市,青山湖区,长春村
江西省,南昌市,青山湖区,学院路
江西省,南昌市,青山湖区,财大
江西省,南昌市,青山湖区,解放东路
江西省,南昌市,青山湖区,上海路
江西省,南昌市,青山湖区,沙井
江西省,南昌市,青山湖区,火炬广场
江西省,南昌市,青山湖区,南京东路
江西省,南昌市,青山湖区,蛟桥
江西省,南昌市,青山湖区,高新开发区
江西省,南昌市,青山湖区,九村
江西省,南昌市,青山湖区,罗家
江西省,南昌市,青山湖区,孙家
江西省,南昌市,青山湖区,铁路八村
江西省,南昌市,青山湖区,铁路五村
江西省,南昌市,青山湖区,发展路
江西省,南昌市,青山湖区,湖坊
江西省,南昌市,青山湖区,顺外路
江西省,南昌市,南昌县,莲塘
江西省,南昌市,南昌县,昌东
江西省,南昌市,南昌县,向塘
江西省,南昌市,南昌县,麻丘
江西省,南昌市,南昌县,蓝天学院
江西省,南昌市,南昌县,蒋巷
江西省,南昌市,新建县,象山
江西省,南昌市,新建县,松湖
江西省,南昌市,新建县,望城
江西省,南昌市,新建县,七里岗
江西省,南昌市,新建县,溪霞
江西省,南昌市,安义县,鼎湖
江西省,南昌市,安义县,龙津
江西省,南昌市,进贤县,民和
江西省,南昌市,进贤县,温圳
江西省,南昌市,进贤县,文港
江西省,九江市,庐山区,十里
江西省,九江市,庐山区,五里
江西省,九江市,庐山区,七里湖
山东省,济南市,历下区,窑头路
山东省,济南市,历下区,山东经济学院
山东省,济南市,历下区,齐鲁软件园
山东省,济南市,历下区,山大南路
山东省,济南市,历下区,青龙桥
山东省,济南市,历下区,公交总公司
山东省,济南市,历下区,黑虎泉
山东省,济南市,历下区,文化西路
山东省,济南市,历下区,浆水泉
山东省,济南市,历下区,解放路
山东省,济南市,历下区,千佛山公园
山东省,济南市,历下区,花园庄
山东省,济南市,历下区,长盛小区
山东省,济南市,历下区,文化东路
山东省,济南市,历下区,泉城广场
山东省,济南市,历下区,燕山立交桥
山东省,济南市,历下区,千佛山西路
山东省,济南市,历下区,趵突泉
山东省,济南市,历下区,山师东路
山东省,济南市,历下区,华阳路
山东省,济南市,历下区,解放东路
山东省,济南市,历下区,东门
山东省,济南市,历下区,和平路
山东省,济南市,历下区,泉城路
山东省,济南市,历下区,历山东路
山东省,济南市,历下区,羊头峪
山东省,济南市,历下区,环山路
山东省,济南市,历下区,燕子山路
山东省,济南市,历下区,司里街
山东省,济南市,历下区,山大路
山东省,济南市,历下区,中心医院
山东省,济南市,历下区,十里河
山东省,济南市,历下区,舜怡佳园
山东省,济南市,历下区,省中医
山东省,济南市,历下区,泺源
山东省,济南市,历下区,燕山小区
山东省,济南市,历下区,朝山街
山东省,济南市,历下区,甸柳庄
山东省,济南市,历下区,东关
山东省,济南市,历下区,东郊饭店
山东省,济南市,历下区,青年西路
山东省,济南市,历下区,燕子山西路
山东省,济南市,历下区,华能路
山东省,济南市,历下区,甸柳新村
山东省,济南市,历下区,银座商城
山东省,济南市,历下区,省博物馆
山东省,济南市,历下区,大学科技园
山东省,济南市,历下区,化纤厂路
山东省,济南市,历下区,齐鲁医院
山东省,济南市,历下区,县东巷
山东省,济南市,历下区,黄台南路
山东省,济南市,历下区,建筑新村
山东省,济南市,历下区,大明湖
山东省,济南市,市中区,纬二路
山东省,济南市,市中区,山东财政学院
山东省,济南市,市中区,大观园
山东省,济南市,市中区,济大路
山东省,济南市,市中区,山西路
山东省,济南市,市中区,二七新村
山东省,济南市,市中区,杆石桥
山东省,济南市,市中区,舜玉路
山东省,济南市,市中区,经八路
山东省,济南市,市中区,梁家庄
山东省,济南市,市中区,魏家庄
山东省,济南市,市中区,共青团路
山东省,济南市,市中区,土屋路
山东省,济南市,市中区,纬四路
山东省,济南市,市中区,经二路
山东省,济南市,市中区,二环南路
山东省,济南市,市中区,岔路街
山东省,济南市,市中区,玉函路
山东省,济南市,市中区,七里山
山东省,济南市,市中区,纬一路
山东省,济南市,市中区,王官庄
山东省,济南市,市中区,省体育中心
山东省,济南市,市中区,英雄山
山东省,济南市,市中区,四里村
山东省,济南市,市中区,经七路
山东省,济南市,市中区,卧龙花园
山东省,济南市,市中区,小纬六路
山东省,济南市,市中区,市政府
山东省,济南市,市中区,经五路
山东省,济南市,市中区,八一立交桥
山东省,济南市,市中区,六里山
山东省,济南市,市中区,白马山南路
山东省,济南市,市中区,建设路
山东省,济南市,市中区,大众广场
山东省,济南市,市中区,南苑小区
山东省,济南市,市中区,马鞍山
山东省,济南市,市中区,胜利大街
山东省,济南市,市中区,经十路
山东省,济南市,市中区,林业局
山东省,济南市,市中区,四季花园
山东省,济南市,市中区,馆驿街
山东省,济南市,市中区,人民商场
山东省,济南市,市中区,纬三路
山东省,济南市,市中区,阳光舜城
山东省,济南市,市中区,刘长山路
山东省,济南市,市中区,白马家园
山东省,济南市,市中区,东八里洼
山东省,济南市,槐荫区,纬六路
山东省,济南市,槐荫区,营市西街
山东省,济南市,槐荫区,明星小区
山东省,济南市,槐荫区,机床二厂路
山东省,济南市,槐荫区,八里桥
山东省,济南市,槐荫区,匡山
山东省,济南市,槐荫区,营市街
山东省,济南市,槐荫区,中大槐树
山东省,济南市,槐荫区,振兴街
山东省,济南市,槐荫区,道德街
山东省,济南市,槐荫区,经二纬六
山东省,济南市,槐荫区,经四路
山东省,济南市,槐荫区,经三路
山东省,济南市,槐荫区,经六路
山东省,济南市,槐荫区,闫千户小区
山东省,济南市,槐荫区,青年公园
山东省,济南市,槐荫区,经七纬八
山东省,济南市,槐荫区,纬十二路
山东省,济南市,槐荫区,经三纬七
山东省,济南市,槐荫区,五里牌坊
山东省,济南市,槐荫区,经七纬十二
山东省,济南市,槐荫区,大金庄
山东省,济南市,槐荫区,经十西路
山东省,济南市,槐荫区,二环西路
山东省,济南市,槐荫区,张庄路
山东省,济南市,槐荫区,西市场
山东省,济南市,槐荫区,经五纬六
山东省,济南市,槐荫区,段店北路
山东省,济南市,槐荫区,纬五路
山东省,济南市,槐荫区,德兴街
山东省,济南市,槐荫区,南辛庄
山东省,济南市,槐荫区,省立医院
山东省,济南市,槐荫区,经一路
山东省,济南市,槐荫区,美里湖
山东省,济南市,槐荫区,小辛庄
山东省,济南市,槐荫区,纬九路
山东省,济南市,槐荫区,纬七路
山东省,济南市,天桥区,天桥东街
山东省,济南市,天桥区,北关
山东省,济南市,天桥区,清河路
山东省,济南市,天桥区,北坦大街
山东省,济南市,天桥区,泺安路
山东省,济南市,天桥区,水屯路
山东省,济南市,天桥区,堤口路
山东省,济南市,天桥区,交校路
山东省,济南市,天桥区,太平洋小区
山东省,济南市,天桥区,凤凰山路
山东省,济南市,天桥区,柳云小区
山东省,济南市,天桥区,三孔桥
山东省,济南市,天桥区,标山南路
山东省,济南市,天桥区,交通学院
山东省,济南市,天桥区,少年宫
山东省,济南市,天桥区,泺口
山东省,济南市,天桥区,北园大街
山东省,济南市,天桥区,历山北路
山东省,济南市,天桥区,陈家楼
山东省,济南市,天桥区,生产路
山东省,济南市,天桥区,刘家庄
山东省,济南市,天桥区,长途汽车站
山东省,济南市,天桥区,东西丹凤街
山东省,济南市,天桥区,师范路
山东省,济南市,天桥区,无影山
山东省,济南市,天桥区,官扎营
山东省,济南市,天桥区,工人新村
山东省,济南市,天桥区,济齐路
山东省,济南市,天桥区,联四路
山东省,济南市,天桥区,纬北路
山东省,济南市,天桥区,宝华街
山东省,济南市,天桥区,凤凰山南路
山东省,济南市,天桥区,水屯北路
山东省,济南市,天桥区,市立四院
山东省,济南市,天桥区,药山
山东省,济南市,天桥区,制锦市小区
山东省,济南市,天桥区,无影山北路
山东省,济南市,天桥区,天成路
山东省,济南市,天桥区,金牛小区
山东省,济南市,天桥区,火车站
山东省,济南市,历城区,花园小区
山东省,济南市,历城区,华信路
山东省,济南市,历城区,东风
山东省,济南市,历城区,山大北路
山东省,济南市,历城区,七里河
山东省,济南市,历城区,桑园路
山东省,济南市,历城区,洪楼广场
山东省,济南市,历城区,济南炼油厂
山东省,济南市,历城区,齐鲁制药
山东省,济南市,历城区,工业北路
山东省,济南市,历城区,华山镇
山东省,济南市,历城区,洪楼西路
山东省,济南市,历城区,辛祝路
山东省,济南市,历城区,益寿路
山东省,济南市,历城区,盖家沟
山东省,济南市,历城区,花园路
山东省,济南市,历城区,闵子骞路
山东省,济南市,历城区,东方花园
山东省,济南市,历城区,将军路
山东省,济南市,历城区,华龙路
山东省,济南市,历城区,七里堡
山东省,济南市,历城区,百花公园
山东省,济南市,历城区,洪家楼
山东省,济南市,历城区,还乡店
山东省,济南市,历城区,全福
山东省,济南市,历城区,南全福小区
山东省,济南市,历城区,鑫达小区
山东省,济南市,历城区,洪楼南路
山东省,济南市,历城区,二环东路
山东省,济南市,长清区,五峰山
山东省,济南市,长清区,平安
山东省,济南市,长清区,文昌
山东省,济南市,长清区,崮云湖
山东省,青岛市,市南区,团岛
山东省,青岛市,市南区,香港西路
山东省,青岛市,市南区,漳浦路
山东省,青岛市,市南区,闽江路
山东省,青岛市,市南区,八大关
山东省,青岛市,市南区,汇泉广场
山东省,青岛市,市南区,北京路
山东省,青岛市,市南区,大尧一路
山东省,青岛市,市南区,延安三路
山东省,青岛市,市南区,五四广场
山东省,青岛市,市南区,前海
山东省,青岛市,市南区,燕儿岛
山东省,青岛市,市南区,香港中路
山东省,青岛市,市南区,港西
山东省,青岛市,市南区,台西
山东省,青岛市,市南区,逍遥一路
山东省,青岛市,市南区,市政府
山东省,青岛市,市南区,八大峡
山东省,青岛市,市南区,四川路
山东省,青岛市,市南区,辛家庄
山东省,青岛市,市南区,浮山
山东省,青岛市,市南区,贵州路
山东省,青岛市,市南区,天山小区
山东省,青岛市,市南区,泰州路
山东省,青岛市,市南区,东海路
山东省,青岛市,市南区,云霄路
山东省,青岛市,市南区,福州南路
山东省,青岛市,市南区,香港花园
山东省,青岛市,市南区,宁夏路
山东省,青岛市,市南区,绍兴路
山东省,青岛市,市南区,八大湖
山东省,青岛市,市南区,河南路
山东省,青岛市,市南区,山东路
山东省,青岛市,市南区,湛山
山东省,青岛市,市南区,珠海路
山东省,青岛市,市南区,福州北路
山东省,青岛市,市南区,大学路
山东省,青岛市,市南区,古田路
山东省,青岛市,市南区,广州路
山东省,青岛市,市南区,金湖路
山东省,青岛市,市南区,福苑小区
山东省,青岛市,市南区,火车站
山东省,青岛市,市南区,中山路
山东省,青岛市,市南区,云南路
山东省,青岛市,市南区,汕头路
山东省,青岛市,市南区,图书馆
山东省,青岛市,市南区,金门路
山东省,青岛市,市南区,逍遥二路
山东省,青岛市,市南区,栈桥
山东省,青岛市,市南区,徐州路
山东省,青岛市,市南区,江苏路
山东省,青岛市,市南区,广电大厦
山东省,青岛市,市南区,江西路
山东省,青岛市,市北区,延安一路
山东省,青岛市,市北区,德平路
山东省,青岛市,市北区,吴兴路
山东省,青岛市,市北区,埠西
山东省,青岛市,市北区,丰盛路
山东省,青岛市,市北区,合肥路
山东省,青岛市,市北区,镇江北路
山东省,青岛市,市北区,顺兴路
山东省,青岛市,市北区,错埠岭
山东省,青岛市,市北区,延安二路
山东省,青岛市,市北区,即墨路
山东省,青岛市,市北区,铁山路
山东省,青岛市,市北区,台东
山东省,青岛市,市北区,南京路北段
山东省,青岛市,市北区,标山路
山东省,青岛市,市北区,伊春路
山东省,青岛市,市北区,登州路
山东省,青岛市,市北区,胶州路
山东省,青岛市,市北区,云溪路
山东省,青岛市,市北区,儿童公园
山东省,青岛市,市北区,内蒙古路
山东省,青岛市,市北区,大成路
山东省,青岛市,市北区,辽阳西路
山东省,青岛市,市北区,大连路
山东省,青岛市,市北区,大港
山东省,青岛市,市北区,大名路
山东省,青岛市,市北区,市立医院
山东省,青岛市,市北区,利津路
山东省,青岛市,市北区,北仲路
山东省,青岛市,市北区,九水路
山东省,青岛市,市北区,冠县路
山东省,青岛市,市北区,十五中
山东省,青岛市,市北区,镇江路
山东省,青岛市,市北区,洮南路
山东省,青岛市,市北区,太清路
山东省,青岛市,市北区,浮山新区
山东省,青岛市,市北区,甘肃路
山东省,青岛市,市北区,洪山坡
山东省,青岛市,市北区,热河路
山东省,青岛市,市北区,黄台路
山东省,青岛市,市北区,广饶路
山东省,青岛市,市北区,齐东路
山东省,青岛市,市北区,长春路
山东省,青岛市,市北区,同安路
山东省,青岛市,市北区,敦化路
山东省,青岛市,市北区,辽源路
山东省,青岛市,市北区,松山路
山东省,青岛市,市北区,市场三路
山东省,青岛市,市北区,南口路
山东省,青岛市,市北区,辽宁路
山东省,青岛市,市北区,金坛路
山东省,青岛市,市北区,华阳路
山东省,青岛市,市北区,威海路
山东省,青岛市,市北区,延安路
山东省,青岛市,市北区,通山路
山东省,青岛市,市北区,海信立交
山东省,青岛市,市北区,延吉路
山东省,青岛市,四方区,九江路
山东省,青岛市,四方区,哈尔滨路
山东省,青岛市,四方区,嘉善路
山东省,青岛市,四方区,人民路
山东省,青岛市,四方区,平安路
山东省,青岛市,四方区,兴隆一路
山东省,青岛市,四方区,商水路
山东省,青岛市,四方区,宣化路
山东省,青岛市,四方区,小村庄
山东省,青岛市,四方区,温州路
山东省,青岛市,四方区,鞍山二路
山东省,青岛市,四方区,海泊桥
山东省,青岛市,四方区,康宁路
山东省,青岛市,四方区,四流南路
山东省,青岛市,四方区,北岭
山东省,青岛市,四方区,理工大学
山东省,青岛市,四方区,阜新路
山东省,青岛市,四方区,长沙路
山东省,青岛市,四方区,抚顺路
山东省,青岛市,四方区,海琴广场
山东省,青岛市,四方区,人民一路
山东省,青岛市,四方区,河西
山东省,青岛市,四方区,人民二路
山东省,青岛市,四方区,海云庵
山东省,青岛市,四方区,宁化路
山东省,青岛市,四方区,南昌路
山东省,青岛市,四方区,萍乡路
山东省,青岛市,四方区,都昌路
山东省,青岛市,四方区,昌化路
山东省,青岛市,四方区,长途汽车站
山东省,青岛市,四方区,湖岛
山东省,青岛市,四方区,兴隆路
山东省,青岛市,四方区,安达路
山东省,青岛市,四方区,海伦路
山东省,青岛市,四方区,宜阳路
山东省,青岛市,四方区,台柳路
山东省,青岛市,四方区,南丰路
山东省,青岛市,四方区,开平路
山东省,青岛市,四方区,兴德路
山东省,青岛市,四方区,杭州路
山东省,青岛市,四方区,洛阳路
山东省,青岛市,四方区,周口路
山东省,青岛市,四方区,嘉定路
山东省,青岛市,四方区,商丘路
山东省,青岛市,四方区,重庆南路
山东省,青岛市,四方区,水清沟
山东省,青岛市,四方区,铁岭路
山东省,青岛市,四方区,嘉禾路
山东省,青岛市,四方区,嘉定山
山东省,青岛市,四方区,鞍山路
山东省,青岛市,四方区,鞍山一路
山东省,青岛市,四方区,淮阳路
山东省,青岛市,四方区,瑞昌路
山东省,青岛市,四方区,嘉兴路
山东省,青岛市,四方区,双山
山东省,青岛市,四方区,商城路
山东省,青岛市,四方区,南宁路
山东省,青岛市,黄岛区,薛家岛
山东省,青岛市,黄岛区,柳花泊
山东省,青岛市,黄岛区,红石崖
山东省,青岛市,黄岛区,辛安
山东省,青岛市,黄岛区,长江路
山东省,青岛市,崂山区,中韩
山东省,青岛市,崂山区,山东头
山东省,青岛市,崂山区,会展中心
山东省,青岛市,崂山区,松岭路
山东省,青岛市,崂山区,北村
山东省,青岛市,崂山区,麦岛
山东省,青岛市,崂山区,王哥庄
山东省,青岛市,崂山区,石老人
山东省,青岛市,崂山区,麦岛大学区
山东省,青岛市,崂山区,香港东路
山东省,青岛市,崂山区,辽阳路
山东省,青岛市,崂山区,北宅
山东省,青岛市,崂山区,海尔路
山东省,青岛市,崂山区,沙子口
山东省,青岛市,崂山区,王家村
山东省,青岛市,李沧区,楼山
山东省,青岛市,李沧区,君峰路
山东省,青岛市,李沧区,郑庄
山东省,青岛市,李沧区,向阳路
山东省,青岛市,李沧区,古镇路
山东省,青岛市,李沧区,南渠
山东省,青岛市,李沧区,果园路
山东省,青岛市,李沧区,东山
山东省,青岛市,李沧区,南庄
山东省,青岛市,李沧区,京口
山东省,青岛市,李沧区,兴华路
山东省,青岛市,李沧区,振华路
山东省,青岛市,李沧区,青峰路
山东省,青岛市,李沧区,浮山路
山东省,青岛市,李沧区,唐山路
山东省,青岛市,李沧区,少山路
山东省,青岛市,李沧区,桃园
山东省,青岛市,李沧区,侯家庄
山东省,青岛市,李沧区,虎山路
山东省,青岛市,李沧区,峰山
山东省,青岛市,李沧区,永安路
山东省,青岛市,李沧区,西山
山东省,青岛市,李沧区,书院路
山东省,青岛市,李沧区,大崂路
山东省,青岛市,李沧区,兴山路
山东省,青岛市,李沧区,夏庄路
山东省,青岛市,李沧区,永清路
山东省,青岛市,李沧区,邢台路
山东省,青岛市,李沧区,湘潭路
山东省,青岛市,李沧区,升平路
山东省,青岛市,李沧区,青山路
山东省,青岛市,李沧区,百通馨苑
山东省,青岛市,李沧区,兴城路
山东省,青岛市,李沧区,四流中路
山东省,青岛市,李沧区,枣园
山东省,青岛市,李沧区,李村
山东省,青岛市,李沧区,三中
山东省,青岛市,李沧区,永平路
山东省,青岛市,李沧区,重庆中路
山东省,青岛市,李沧区,源头路
山东省,青岛市,李沧区,中崂路
山东省,青岛市,李沧区,沧口
山东省,青岛市,城阳区,李家女姑
山东省,青岛市,城阳区,红岛
山东省,青岛市,城阳区,大北曲
山东省,青岛市,城阳区,小寨子
山东省,青岛市,城阳区,长城路
山东省,青岛市,城阳区,夏庄
山东省,青岛市,城阳区,人民医院
山东省,青岛市,城阳区,上马
山东省,青岛市,城阳区,小北曲
山东省,青岛市,城阳区,正阳路
山东省,青岛市,城阳区,流亭
山东省,青岛市,城阳区,明阳路
山东省,青岛市,城阳区,惜福
山东省,青岛市,城阳区,棘洪滩
山东省,青岛市,城阳区,华城路
山东省,青岛市,城阳区,中城路
山东省,青岛市,城阳区,杨埠寨
山东省,青岛市,胶州市,阜安
山东省,青岛市,胶州市,云溪
山东省,青岛市,胶州市,南关
山东省,青岛市,胶州市,中云
山东省,青岛市,胶州市,北关
山东省,青岛市,即墨市,龙山
山东省,青岛市,即墨市,通济
山东省,青岛市,即墨市,环秀
山东省,青岛市,即墨市,北安
山东省,青岛市,即墨市,潮海
山东省,青岛市,平度市,同和
山东省,青岛市,平度市,李园
山东省,青岛市,平度市,香店
山东省,青岛市,平度市,城关
山东省,烟台市,芝罘区,凤凰台
山东省,烟台市,芝罘区,芝罘岛
山东省,烟台市,芝罘区,幸福
山东省,烟台市,芝罘区,黄务
山东省,烟台市,芝罘区,世回尧
山东省,烟台市,芝罘区,奇山
山东省,烟台市,芝罘区,通伸
山东省,烟台市,芝罘区,向阳
山东省,烟台市,芝罘区,毓璜顶
山东省,烟台市,芝罘区,金沟寨
山东省,烟台市,芝罘区,东山
山东省,烟台市,芝罘区,只楚
山东省,烟台市,芝罘区,白石
山东省,烟台市,福山区,古现
山东省,烟台市,福山区,高疃
山东省,烟台市,福山区,清洋
山东省,烟台市,莱山区,曹家
山东省,烟台市,莱山区,初家
山东省,烟台市,莱山区,石沟屯
山东省,烟台市,莱山区,黄海城市花园
山东省,烟台市,莱山区,清泉寨
山东省,潍坊市,潍城区,和平路
山东省,潍坊市,潍城区,青年路
山东省,潍坊市,潍城区,春鸢路
山东省,潍坊市,寒亭区,丰华路
山东省,潍坊市,坊子区,恒安
山东省,潍坊市,奎文区,鸢飞路
山东省,威海市,环翠区,桥头
山东省,威海市,环翠区,温泉
山东省,威海市,环翠区,初村
山东省,威海市,环翠区,张村
山东省,威海市,环翠区,羊亭
山东省,威海市,环翠区,草庙子
山东省,威海市,环翠区,孙家疃
山东省,威海市,文登市,张家产
山东省,威海市,文登市,苘山
山东省,威海市,荣成市,成山
山东省,威海市,荣成市,港西
山东省,威海市,荣成市,宁津
山东省,威海市,荣成市,大疃
山东省,威海市,荣成市,崖头
山东省,威海市,荣成市,人和
山东省,威海市,乳山市,大孤山
山东省,威海市,乳山市,夏村
山东省,威海市,乳山市,海阳所
河南省,郑州市,中原区,嵩山北路
河南省,郑州市,中原区,市场街
河南省,郑州市,中原区,林山寨
河南省,郑州市,中原区,须水镇
河南省,郑州市,中原区,湖光苑
河南省,郑州市,中原区,前进路
河南省,郑州市,中原区,互助路
河南省,郑州市,中原区,秦岭路
河南省,郑州市,中原区,百花路
河南省,郑州市,中原区,帝湖花园
河南省,郑州市,中原区,棉纺路
河南省,郑州市,中原区,汝河路
河南省,郑州市,中原区,西环路
河南省,郑州市,中原区,三官庙
河南省,郑州市,中原区,航海西路
河南省,郑州市,中原区,华山路
河南省,郑州市,中原区,绿东村
河南省,郑州市,中原区,岗坡路
河南省,郑州市,中原区,桐柏路
河南省,郑州市,中原区,华淮小区
河南省,郑州市,中原区,儿童公园
河南省,郑州市,中原区,伊河路
河南省,郑州市,中原区,十里铺
河南省,郑州市,中原区,伏牛路
河南省,郑州市,中原区,冉屯路
河南省,郑州市,中原区,工人路
河南省,郑州市,中原区,淮河路
河南省,郑州市,中原区,纺织大世界
河南省,郑州市,中原区,建设路
河南省,郑州市,中原区,碧沙岗
河南省,郑州市,中原区,西站
河南省,郑州市,中原区,市委
河南省,郑州市,中原区,文化宫路
河南省,郑州市,中原区,陇海西路
河南省,郑州市,二七区,建新街
河南省,郑州市,二七区,交通路
河南省,郑州市,二七区,郑密路
河南省,郑州市,二七区,建设东路
河南省,郑州市,二七区,保全街
河南省,郑州市,二七区,福华街
河南省,郑州市,二七区,兴华北街
河南省,郑州市,二七区,德化街
河南省,郑州市,二七区,郑州铁路局
河南省,郑州市,二七区,中原东路
河南省,郑州市,二七区,洁云路
河南省,郑州市,二七区,淮北街
河南省,郑州市,二七区,长江路
河南省,郑州市,二七区,航海中路
河南省,郑州市,二七区,永安街
河南省,郑州市,二七区,绿城广场
河南省,郑州市,二七区,铭功路
河南省,郑州市,二七区,建中街
河南省,郑州市,二七区,解放路
河南省,郑州市,二七区,康复中街
河南省,郑州市,二七区,一马路
河南省,郑州市,二七区,康复前街
河南省,郑州市,二七区,冯庄
河南省,郑州市,二七区,老代庄
河南省,郑州市,二七区,京广路
河南省,郑州市,二七区,铁英街
河南省,郑州市,二七区,大学路
河南省,郑州市,二七区,合作路
河南省,郑州市,二七区,金祥花园
河南省,郑州市,二七区,人民公园
河南省,郑州市,二七区,陈庄
河南省,郑州市,二七区,火车站
河南省,郑州市,二七区,蜜蜂张
河南省,郑州市,二七区,庆丰街
河南省,郑州市,二七区,桃源路
河南省,郑州市,二七区,兴华南街
河南省,郑州市,二七区,齐礼阎
河南省,郑州市,管城回族区,东大街
河南省,郑州市,管城回族区,南关
河南省,郑州市,管城回族区,城南路
河南省,郑州市,管城回族区,北下街
河南省,郑州市,管城回族区,西大街
河南省,郑州市,管城回族区,城东路
河南省,郑州市,管城回族区,南顺城街
河南省,郑州市,管城回族区,管城西街
河南省,郑州市,管城回族区,航海东路
河南省,郑州市,管城回族区,货站街
河南省,郑州市,管城回族区,南仓街
河南省,郑州市,管城回族区,北顺城街
河南省,郑州市,管城回族区,南大街
河南省,郑州市,管城回族区,东开发区
河南省,郑州市,管城回族区,城东南路
河南省,郑州市,管城回族区,商城路
河南省,郑州市,管城回族区,金色港湾
河南省,郑州市,管城回族区,二里岗
河南省,郑州市,管城回族区,五里堡
河南省,郑州市,金水区,工人新村
河南省,郑州市,金水区,胜岗
河南省,郑州市,金水区,农业路沿线
河南省,郑州市,金水区,姚寨
河南省,郑州市,金水区,经五路
河南省,郑州市,金水区,森林公园
河南省,郑州市,金水区,开元小区
河南省,郑州市,金水区,海滩街
河南省,郑州市,金水区,凤凰台
河南省,郑州市,金水区,祭城
河南省,郑州市,金水区,东里路
河南省,郑州市,金水区,丰庆路
河南省,郑州市,金水区,新通桥
河南省,郑州市,金水区,群办路
河南省,郑州市,金水区,金水路
河南省,郑州市,金水区,杜岭
河南省,郑州市,金水区,文化路
河南省,郑州市,金水区,索凌路
河南省,郑州市,金水区,创新大厦
河南省,郑州市,金水区,信息学院路
河南省,郑州市,金水区,省体育馆
河南省,郑州市,金水区,中方园
河南省,郑州市,金水区,财经学院
河南省,郑州市,金水区,国基路
河南省,郑州市,金水区,政五街
河南省,郑州市,金水区,岗杜北街
河南省,郑州市,金水区,龙子湖
河南省,郑州市,金水区,任寨
河南省,郑州市,金水区,大石桥
河南省,郑州市,金水区,燕庄
河南省,郑州市,金水区,经六路
河南省,郑州市,金水区,徐寨路
河南省,郑州市,金水区,新柳路
河南省,郑州市,金水区,政六街
河南省,郑州市,金水区,北林路
河南省,郑州市,金水区,司家庄
河南省,郑州市,金水区,北环路
河南省,郑州市,金水区,东建材
河南省,郑州市,金水区,俭学街
河南省,郑州市,金水区,经八路
河南省,郑州市,金水区,西里路
河南省,郑州市,金水区,紫荆山
河南省,郑州市,金水区,二环支路
河南省,郑州市,金水区,郑汴路
河南省,郑州市,金水区,人民路
河南省,郑州市,金水区,大铺
河南省,郑州市,金水区,健康路
河南省,郑州市,金水区,东风路
河南省,郑州市,金水区,省政府
河南省,郑州市,金水区,丰产路
河南省,郑州市,金水区,未来路
河南省,郑州市,金水区,民航路
河南省,郑州市,金水区,纬二路
河南省,郑州市,金水区,宋寨
河南省,郑州市,金水区,经二路
河南省,郑州市,金水区,南阳路
河南省,郑州市,金水区,花园路
河南省,郑州市,金水区,优胜南路
河南省,郑州市,金水区,政四街
河南省,郑州市,金水区,防疫路
河南省,郑州市,上街区,济源路
河南省,郑州市,上街区,新安路
河南省,郑州市,上街区,中心路
河南省,郑州市,惠济区,老鸦陈
河南省,郑州市,惠济区,长兴路
河南省,郑州市,惠济区,省体育中心
河南省,郑州市,惠济区,新城
河南省,郑州市,惠济区,刘寨
河南省,郑州市,惠济区,迎宾路
湖北省,武汉市,江岸区,江滩
湖北省,武汉市,江岸区,建设大道
湖北省,武汉市,江岸区,岱山
湖北省,武汉市,江岸区,百步亭
湖北省,武汉市,江岸区,解放公园
湖北省,武汉市,江岸区,车站
湖北省,武汉市,江岸区,劳动
湖北省,武汉市,江岸区,永清
湖北省,武汉市,江岸区,后湖
湖北省,武汉市,江岸区,竹叶山
湖北省,武汉市,江岸区,三阳路
湖北省,武汉市,江岸区,谌家矶
湖北省,武汉市,江岸区,江汉路
湖北省,武汉市,江岸区,新村
湖北省,武汉市,江岸区,客运港
湖北省,武汉市,江岸区,二七
湖北省,武汉市,江岸区,花桥
湖北省,武汉市,江岸区,台北路
湖北省,武汉市,江汉区,汉口火车站
湖北省,武汉市,江汉区,民权
湖北省,武汉市,江汉区,常青路
湖北省,武汉市,江汉区,前进
湖北省,武汉市,江汉区,武广
湖北省,武汉市,江汉区,水塔
湖北省,武汉市,江汉区,北湖
湖北省,武汉市,江汉区,唐家墩
湖北省,武汉市,江汉区,友谊路
湖北省,武汉市,江汉区,西北湖
湖北省,武汉市,江汉区,中山公园
湖北省,武汉市,江汉区,万松
湖北省,武汉市,硚口区,宗关
湖北省,武汉市,硚口区,荣华
湖北省,武汉市,硚口区,汉水桥
湖北省,武汉市,硚口区,韩家墩
湖北省,武汉市,硚口区,硚口路
湖北省,武汉市,硚口区,满春
湖北省,武汉市,硚口区,六角亭
湖北省,武汉市,硚口区,汉正街
湖北省,武汉市,硚口区,古田
湖北省,武汉市,硚口区,崇仁
湖北省,武汉市,硚口区,汉中
湖北省,武汉市,硚口区,易家墩
湖北省,武汉市,硚口区,宝丰
湖北省,武汉市,汉阳区,汉阳大道
湖北省,武汉市,汉阳区,建桥
湖北省,武汉市,汉阳区,五里墩
湖北省,武汉市,汉阳区,江汉二桥
湖北省,武汉市,汉阳区,晴川
湖北省,武汉市,汉阳区,沌口
湖北省,武汉市,汉阳区,翠微
湖北省,武汉市,汉阳区,洲头
湖北省,武汉市,汉阳区,钟家村
湖北省,武汉市,汉阳区,王家湾
湖北省,武汉市,汉阳区,琴断口
湖北省,武汉市,汉阳区,月湖
湖北省,武汉市,武昌区,武珞路
湖北省,武汉市,武昌区,水果湖
湖北省,武汉市,武昌区,积玉桥
湖北省,武汉市,武昌区,余家头
湖北省,武汉市,武昌区,黄鹤楼
湖北省,武汉市,武昌区,杨园
湖北省,武汉市,武昌区,珞珈山
湖北省,武汉市,武昌区,首义路
湖北省,武汉市,武昌区,武泰闸
湖北省,武汉市,武昌区,徐家棚
湖北省,武汉市,武昌区,粮道街
湖北省,武汉市,武昌区,友谊大道
湖北省,武汉市,武昌区,东湖路
湖北省,武汉市,武昌区,中北路
湖北省,武汉市,武昌区,小东门
湖北省,武汉市,武昌区,司门口
湖北省,武汉市,武昌区,阅马场
湖北省,武汉市,武昌区,紫阳路
湖北省,武汉市,武昌区,中南路
湖北省,武汉市,武昌区,丁字桥
湖北省,武汉市,武昌区,武昌火车站
湖北省,武汉市,青山区,八大家
湖北省,武汉市,青山区,工人村
湖北省,武汉市,青山区,建设七路
湖北省,武汉市,青山区,厂前
湖北省,武汉市,青山区,建设二路
湖北省,武汉市,青山区,冶金
湖北省,武汉市,青山区,和平大道
湖北省,武汉市,青山区,红钢城
湖北省,武汉市,青山区,红卫路
湖北省,武汉市,青山区,白玉山
湖北省,武汉市,青山区,新沟桥
湖北省,武汉市,青山区,钢花村
湖北省,武汉市,青山区,南干渠
湖北省,武汉市,洪山区,珞南
湖北省,武汉市,洪山区,街道口
湖北省,武汉市,洪山区,武东
湖北省,武汉市,洪山区,光谷
湖北省,武汉市,洪山区,鲁巷
湖北省,武汉市,洪山区,卓刀泉
湖北省,武汉市,洪山区,张家湾
湖北省,武汉市,洪山区,南湖
湖北省,武汉市,洪山区,珞狮南路
湖北省,武汉市,洪山区,关山
湖北省,武汉市,洪山区,白沙洲
湖北省,武汉市,洪山区,广埠屯
湖北省,武汉市,洪山区,徐东
湖北省,武汉市,东西湖区,常青花园
湖北省,武汉市,东西湖区,长青
湖北省,武汉市,东西湖区,东山
湖北省,武汉市,东西湖区,金银湖
湖北省,武汉市,东西湖区,径河
湖北省,武汉市,东西湖区,李家墩
湖北省,武汉市,东西湖区,荷包湖
湖北省,武汉市,东西湖区,柏泉
湖北省,武汉市,东西湖区,吴家山
湖北省,武汉市,东西湖区,走马岭
湖北省,武汉市,东西湖区,新沟
湖北省,武汉市,汉南区,纱帽
湖北省,武汉市,蔡甸区,大集
湖北省,武汉市,蔡甸区,永安
湖北省,武汉市,蔡甸区,蔡甸
湖北省,武汉市,江夏区,流芳
湖北省,武汉市,江夏区,纸坊
湖北省,武汉市,黄陂区,横店
湖北省,武汉市,黄陂区,六指店
湖北省,武汉市,黄陂区,前川
湖北省,武汉市,新洲区,三店
湖北省,武汉市,新洲区,阳逻
湖北省,武汉市,新洲区,汪集
湖北省,武汉市,新洲区,邾城
湖北省,襄阳市,襄城区,鼓楼
湖北省,襄阳市,襄城区,檀溪路
湖北省,襄阳市,襄城区,闸口
湖北省,襄阳市,樊城区,沃尔玛
湖北省,襄阳市,樊城区,华丰路
湖北省,襄阳市,樊城区,万达
湖北省,襄阳市,樊城区,人民广场
湖北省,襄阳市,樊城区,华洋堂
湖北省,襄阳市,樊城区,鱼梁洲
湖北省,襄阳市,樊城区,火车站
湖北省,襄阳市,襄阳区,襄州
湖南省,长沙市,芙蓉区,湘雅二医院
湖南省,长沙市,芙蓉区,三湘大市场
湖南省,长沙市,芙蓉区,人民路立交桥
湖南省,长沙市,芙蓉区,火星
湖南省,长沙市,芙蓉区,浏城桥
湖南省,长沙市,芙蓉区,黄兴路
湖南省,长沙市,芙蓉区,芙蓉苑
湖南省,长沙市,芙蓉区,高岭
湖南省,长沙市,芙蓉区,锦泰广场
湖南省,长沙市,芙蓉区,湘湖
湖南省,长沙市,芙蓉区,五里牌
湖南省,长沙市,芙蓉区,凌霄路
湖南省,长沙市,芙蓉区,朝阳街
湖南省,长沙市,芙蓉区,荷花路
湖南省,长沙市,芙蓉区,文艺路
湖南省,长沙市,芙蓉区,定王台
湖南省,长沙市,芙蓉区,芙蓉广场
湖南省,长沙市,芙蓉区,芙蓉中路
湖南省,长沙市,芙蓉区,朝阳路
湖南省,长沙市,芙蓉区,万家丽
湖南省,长沙市,芙蓉区,汽车东站
湖南省,长沙市,芙蓉区,德政园
湖南省,长沙市,芙蓉区,八一路
湖南省,长沙市,芙蓉区,识字岭
湖南省,长沙市,芙蓉区,曙光路
湖南省,长沙市,芙蓉区,农科院
湖南省,长沙市,芙蓉区,司门口
湖南省,长沙市,芙蓉区,张公岭
湖南省,长沙市,芙蓉区,荷花园
湖南省,长沙市,芙蓉区,车站中路
湖南省,长沙市,芙蓉区,五一大道
湖南省,长沙市,芙蓉区,府后街
湖南省,长沙市,芙蓉区,中山路
湖南省,长沙市,芙蓉区,东屯渡
湖南省,长沙市,芙蓉区,远大路
湖南省,长沙市,芙蓉区,袁家岭
湖南省,长沙市,芙蓉区,杨家山
湖南省,长沙市,芙蓉区,浏正街
湖南省,长沙市,芙蓉区,燕山街
湖南省,长沙市,芙蓉区,马王堆
湖南省,长沙市,芙蓉区,韭菜园
湖南省,长沙市,芙蓉区,人民中路
湖南省,长沙市,天心区,学院街
湖南省,长沙市,天心区,西牌楼
湖南省,长沙市,天心区,沙河街
湖南省,长沙市,天心区,黄土岭
湖南省,长沙市,天心区,天心阁
湖南省,长沙市,天心区,广厦新村
湖南省,长沙市,天心区,南郊公园
湖南省,长沙市,天心区,铁道学院
湖南省,长沙市,天心区,长郡中学
湖南省,长沙市,天心区,坡子街
湖南省,长沙市,天心区,长沙理工大学
湖南省,长沙市,天心区,书院南路
湖南省,长沙市,天心区,天剑路
湖南省,长沙市,天心区,赤岭路
湖南省,长沙市,天心区,书院路
湖南省,长沙市,天心区,白沙井
湖南省,长沙市,天心区,金盆岭
湖南省,长沙市,天心区,东瓜山
湖南省,长沙市,天心区,友谊路
湖南省,长沙市,天心区,白沙路
湖南省,长沙市,天心区,青园
湖南省,长沙市,天心区,第一师范
湖南省,长沙市,天心区,五凌电力
湖南省,长沙市,天心区,裕南街
湖南省,长沙市,天心区,南门口
湖南省,长沙市,天心区,南湖路
湖南省,长沙市,天心区,浦沅
湖南省,长沙市,天心区,芙蓉南路
湖南省,长沙市,天心区,省政府
湖南省,长沙市,天心区,桂花坪
湖南省,长沙市,天心区,新开铺
湖南省,长沙市,天心区,碧湘街
湖南省,长沙市,天心区,涂家冲
湖南省,长沙市,天心区,仰天湖
湖南省,长沙市,天心区,侯家塘
湖南省,长沙市,天心区,劳动广场
湖南省,长沙市,岳麓区,英才园
湖南省,长沙市,岳麓区,观沙岭
湖南省,长沙市,岳麓区,白沙液街
湖南省,长沙市,岳麓区,市政府
湖南省,长沙市,岳麓区,望月湖
湖南省,长沙市,岳麓区,石岭塘
湖南省,长沙市,岳麓区,麓山名园
湖南省,长沙市,岳麓区,咸嘉花园
湖南省,长沙市,岳麓区,咸嘉湖
湖南省,长沙市,岳麓区,左家垅
湖南省,长沙市,岳麓区,玉兰路
湖南省,长沙市,岳麓区,王陵公园
湖南省,长沙市,岳麓区,望城坡
湖南省,长沙市,岳麓区,牌楼路
湖南省,长沙市,岳麓区,湖南师范大学
湖南省,长沙市,岳麓区,桔子洲
湖南省,长沙市,岳麓区,麓谷锦园
湖南省,长沙市,岳麓区,岳麓山
湖南省,长沙市,岳麓区,杜家塘
湖南省,长沙市,岳麓区,桐梓坡
湖南省,长沙市,岳麓区,新民路
湖南省,长沙市,岳麓区,麓山路
湖南省,长沙市,岳麓区,高叶塘
湖南省,长沙市,岳麓区,咸嘉新村
湖南省,长沙市,岳麓区,天马山
湖南省,长沙市,岳麓区,枫林一路
湖南省,长沙市,岳麓区,雷锋大道
湖南省,长沙市,岳麓区,银盆岭
湖南省,长沙市,岳麓区,中南大学
湖南省,长沙市,岳麓区,望岳
湖南省,长沙市,岳麓区,湘雅三医院
湖南省,长沙市,岳麓区,大学城
湖南省,长沙市,岳麓区,桐梓坡路
湖南省,长沙市,岳麓区,汽车西站
湖南省,长沙市,岳麓区,科教新村
湖南省,长沙市,岳麓区,麓谷
湖南省,长沙市,岳麓区,西湖
湖南省,长沙市,岳麓区,湖南商学院
湖南省,长沙市,岳麓区,湖南大学
湖南省,长沙市,开福区,四方坪
湖南省,长沙市,开福区,德雅路
湖南省,长沙市,开福区,省博物馆
湖南省,长沙市,开福区,兴汉门
湖南省,长沙市,开福区,蔡锷北路
湖南省,长沙市,开福区,伍家岭
湖南省,长沙市,开福区,开福寺
湖南省,长沙市,开福区,科大佳园
湖南省,长沙市,开福区,浏阳河路
湖南省,长沙市,开福区,洪山桥
湖南省,长沙市,开福区,望麓园
湖南省,长沙市,开福区,五一广场
湖南省,长沙市,开福区,二马路
湖南省,长沙市,开福区,水风井
湖南省,长沙市,开福区,华夏路
湖南省,长沙市,开福区,太平街口
湖南省,长沙市,开福区,车站北路
湖南省,长沙市,开福区,东风路
湖南省,长沙市,开福区,金帆小区
湖南省,长沙市,开福区,丝茅冲
湖南省,长沙市,开福区,湘雅路
湖南省,长沙市,开福区,丽臣路
湖南省,长沙市,开福区,北正街
湖南省,长沙市,开福区,三一大道
湖南省,长沙市,开福区,陡岭路
湖南省,长沙市,开福区,芙蓉北路
湖南省,长沙市,开福区,通泰街
湖南省,长沙市,开福区,湘雅医院
湖南省,长沙市,开福区,烈士公园
湖南省,长沙市,开福区,黑石渡
湖南省,长沙市,开福区,中山亭
湖南省,长沙市,开福区,德雅村
湖南省,长沙市,开福区,动物园
湖南省,长沙市,开福区,陈家湖
湖南省,长沙市,开福区,蒋家垅
湖南省,长沙市,开福区,潘家坪
湖南省,长沙市,开福区,新河
湖南省,长沙市,开福区,湘江中路
湖南省,长沙市,开福区,松桂园
湖南省,长沙市,开福区,上大垅
湖南省,长沙市,开福区,营盘路
湖南省,长沙市,开福区,麻园岭
湖南省,长沙市,开福区,文昌阁
湖南省,长沙市,开福区,广电中心
湖南省,长沙市,开福区,砚瓦池
湖南省,长沙市,开福区,清水塘
湖南省,长沙市,开福区,西长街
湖南省,长沙市,雨花区,洞井铺
湖南省,长沙市,雨花区,曹家坡
湖南省,长沙市,雨花区,茶园坡
湖南省,长沙市,雨花区,桂花公园
湖南省,长沙市,雨花区,王家冲
湖南省,长沙市,雨花区,狮子山
湖南省,长沙市,雨花区,香樟路
湖南省,长沙市,雨花区,芙蓉区政府
湖南省,长沙市,雨花区,雨花亭
湖南省,长沙市,雨花区,圭塘
湖南省,长沙市,雨花区,高桥
湖南省,长沙市,雨花区,树木岭
湖南省,长沙市,雨花区,雅塘村
湖南省,长沙市,雨花区,桂花村
湖南省,长沙市,雨花区,七里庙
湖南省,长沙市,雨花区,广济桥
湖南省,长沙市,雨花区,长岭
湖南省,长沙市,雨花区,井湾子
湖南省,长沙市,雨花区,小林子冲
湖南省,长沙市,雨花区,东塘
湖南省,长沙市,雨花区,牛角塘
湖南省,长沙市,雨花区,韶山中路
湖南省,长沙市,雨花区,长沙卷烟厂
湖南省,长沙市,雨花区,红花坡
湖南省,长沙市,雨花区,光南
湖南省,长沙市,雨花区,劳动西路
湖南省,长沙市,雨花区,赤岗冲
湖南省,长沙市,雨花区,劳动中路
湖南省,长沙市,雨花区,新星小区
湖南省,长沙市,雨花区,左家塘
湖南省,长沙市,雨花区,雅礼中学
湖南省,长沙市,雨花区,曲塘
湖南省,长沙市,雨花区,梓园路
湖南省,长沙市,雨花区,阿弥岭
湖南省,长沙市,雨花区,窑岭
湖南省,长沙市,雨花区,雨花区政府
湖南省,长沙市,雨花区,五一村
湖南省,长沙市,雨花区,汽车南站
湖南省,长沙市,雨花区,航空路
湖南省,长沙市,雨花区,韶山南路
湖南省,长沙市,雨花区,城南路
湖南省,长沙市,雨花区,桔园小区
湖南省,长沙市,雨花区,马家冲
湖南省,长沙市,雨花区,植物园
湖南省,长沙市,雨花区,燕子岭
湖南省,长沙市,雨花区,砂子塘
广东省,广州市,荔湾区,南源
广东省,广州市,荔湾区,荔湾路
广东省,广州市,荔湾区,多宝
广东省,广州市,荔湾区,西关
广东省,广州市,荔湾区,芳村
广东省,广州市,荔湾区,西村
广东省,广州市,荔湾区,龙津
广东省,广州市,荔湾区,桥中
广东省,广州市,荔湾区,沙面
广东省,广州市,荔湾区,站前
广东省,广州市,荔湾区,彩虹
广东省,广州市,荔湾区,白鹅潭
广东省,广州市,荔湾区,上九
广东省,广州市,荔湾区,中山七八路
广东省,广州市,荔湾区,金花
广东省,广州市,荔湾区,白鹤洞
广东省,广州市,荔湾区,陈家祠
广东省,广州市,荔湾区,中山六路
广东省,广州市,越秀区,东风东
广东省,广州市,越秀区,流花
广东省,广州市,越秀区,五羊新城
广东省,广州市,越秀区,北京路
广东省,广州市,越秀区,解放南
广东省,广州市,越秀区,洪桥
广东省,广州市,越秀区,大新
广东省,广州市,越秀区,火车站
广东省,广州市,越秀区,农林下路
广东省,广州市,越秀区,黄花岗
广东省,广州市,越秀区,六榕
广东省,广州市,越秀区,建设
广东省,广州市,越秀区,华乐
广东省,广州市,越秀区,东湖
广东省,广州市,越秀区,嘉禾
广东省,广州市,越秀区,淘金
广东省,广州市,越秀区,东风
广东省,广州市,越秀区,沿江路
广东省,广州市,越秀区,越秀公园
广东省,广州市,越秀区,广卫
广东省,广州市,越秀区,解放北
广东省,广州市,越秀区,人民北路
广东省,广州市,越秀区,东山口
广东省,广州市,越秀区,小北
广东省,广州市,越秀区,大东
广东省,广州市,越秀区,水荫
广东省,广州市,越秀区,环市东
广东省,广州市,越秀区,中山二三路
广东省,广州市,越秀区,东川
广东省,广州市,越秀区,麓湖公园
广东省,广州市,越秀区,梅花村
广东省,广州市,越秀区,二沙岛
广东省,广州市,越秀区,岭南
广东省,广州市,海珠区,晓港
广东省,广州市,海珠区,凤阳
广东省,广州市,海珠区,昌岗
广东省,广州市,海珠区,沙园
广东省,广州市,海珠区,赤岗
广东省,广州市,海珠区,海幢
广东省,广州市,海珠区,新港
广东省,广州市,海珠区,琶洲
广东省,广州市,海珠区,素社
广东省,广州市,海珠区,官洲
广东省,广州市,海珠区,宝岗
广东省,广州市,海珠区,华洲
广东省,广州市,海珠区,瑞宝
广东省,广州市,海珠区,滨江
广东省,广州市,海珠区,江南大道
广东省,广州市,海珠区,龙凤
广东省,广州市,海珠区,南华西
广东省,广州市,海珠区,南石头
广东省,广州市,海珠区,广州大道南
广东省,广州市,海珠区,南洲
广东省,广州市,海珠区,东晓
广东省,广州市,海珠区,客村
广东省,广州市,海珠区,工业大道
广东省,广州市,天河区,车陂
广东省,广州市,天河区,天园
广东省,广州市,天河区,前进
广东省,广州市,天河区,冼村
广东省,广州市,天河区,天河北
广东省,广州市,天河区,元岗
广东省,广州市,天河区,东圃
广东省,广州市,天河区,天河城
广东省,广州市,天河区,员村
广东省,广州市,天河区,天河公园
广东省,广州市,天河区,黄村
广东省,广州市,天河区,龙洞
广东省,广州市,天河区,跑马场
广东省,广州市,天河区,猎德
广东省,广州市,天河区,体育中心
广东省,广州市,天河区,兴华
广东省,广州市,天河区,粤垦
广东省,广州市,天河区,岗顶
广东省,广州市,天河区,广州东站
广东省,广州市,天河区,棠下
广东省,广州市,天河区,东站
广东省,广州市,天河区,登峰
广东省,广州市,天河区,沙河
广东省,广州市,天河区,五山
广东省,广州市,天河区,龙口
广东省,广州市,天河区,长兴
广东省,广州市,天河区,林和
广东省,广州市,天河区,石牌
广东省,广州市,天河区,珠江新城
广东省,广州市,天河区,沙东
广东省,广州市,白云区,竹料
广东省,广州市,白云区,新市
广东省,广州市,白云区,京溪
广东省,广州市,白云区,松洲
广东省,广州市,白云区,江高
广东省,广州市,白云区,均禾
广东省,广州市,白云区,景泰
广东省,广州市,白云区,金沙
广东省,广州市,白云区,钟落潭
广东省,广州市,白云区,同德
广东省,广州市,白云区,三元里
广东省,广州市,白云区,永平
广东省,广州市,白云区,广园路
广东省,广州市,白云区,黄石
广东省,广州市,白云区,罗冲围
广东省,广州市,白云区,棠景
广东省,广州市,白云区,机场路
广东省,广州市,白云区,同和
广东省,广州市,白云区,良田
广东省,广州市,白云区,龙归
广东省,广州市,白云区,白云大道
广东省,广州市,白云区,神山
广东省,广州市,白云区,太和
广东省,广州市,白云区,人和
广东省,广州市,黄埔区,南岗
广东省,广州市,黄埔区,红山
广东省,广州市,黄埔区,文冲
广东省,广州市,黄埔区,鱼珠
广东省,广州市,黄埔区,丰乐北路
广东省,广州市,黄埔区,长洲
广东省,广州市,黄埔区,大沙
广东省,广州市,黄埔区,荔联
广东省,广州市,黄埔区,穗东
广东省,广州市,番禺区,洛溪
广东省,广州市,番禺区,大岗
广东省,广州市,番禺区,清河东路
广东省,广州市,番禺区,南浦
广东省,广州市,番禺区,钟村
广东省,广州市,番禺区,桥南
广东省,广州市,番禺区,石楼
广东省,广州市,番禺区,东涌
广东省,广州市,番禺区,灵山
广东省,广州市,番禺区,鱼窝头
广东省,广州市,番禺区,大石
广东省,广州市,番禺区,石基
广东省,广州市,番禺区,大学城
广东省,广州市,番禺区,沙头
广东省,广州市,番禺区,东环
广东省,广州市,番禺区,祈福
广东省,广州市,番禺区,沙湾
广东省,广州市,番禺区,市桥
广东省,广州市,番禺区,榄核
广东省,广州市,番禺区,南村
广东省,广州市,番禺区,石碁
广东省,广州市,花都区,雅瑶
广东省,广州市,花都区,赤坭
广东省,广州市,花都区,花东
广东省,广州市,花都区,凤凰
广东省,广州市,花都区,炭步
广东省,广州市,花都区,花山
广东省,广州市,花都区,北兴
广东省,广州市,花都区,新华
广东省,广州市,花都区,梯面
广东省,广州市,增城市,仙村
广东省,广州市,增城市,中新
广东省,广州市,增城市,福和
广东省,广州市,增城市,荔城
广东省,广州市,增城市,永和
广东省,广州市,增城市,派潭
广东省,广州市,增城市,朱村
广东省,广州市,增城市,小楼
广东省,广州市,增城市,三江
广东省,广州市,增城市,新塘
广东省,广州市,增城市,沙庄
广东省,广州市,从化市,街口
广东省,广州市,从化市,良口
广东省,广州市,从化市,温泉
广东省,广州市,从化市,太平
广东省,广州市,从化市,江埔
广东省,广州市,从化市,城郊
广东省,广州市,从化市,鳌头
广东省,广州市,从化市,吕田
广东省,广州市,萝岗区,镇龙
广东省,广州市,萝岗区,九佛
广东省,广州市,南沙区,黄阁
广东省,广州市,南沙区,横沥
广东省,广州市,南沙区,万顷沙
广东省,深圳市,罗湖区,东门
广东省,深圳市,罗湖区,人民南
广东省,深圳市,罗湖区,莲塘
广东省,深圳市,罗湖区,独树村
广东省,深圳市,罗湖区,蔡屋围
广东省,深圳市,罗湖区,布心
广东省,深圳市,罗湖区,东湖
广东省,深圳市,罗湖区,草埔
广东省,深圳市,罗湖区,罗湖区委
广东省,深圳市,罗湖区,黄贝岭
广东省,深圳市,罗湖区,文锦渡
广东省,深圳市,罗湖区,火车站
广东省,深圳市,罗湖区,清水河
广东省,深圳市,罗湖区,笋岗
广东省,深圳市,罗湖区,水库
广东省,深圳市,罗湖区,红岗花园
广东省,深圳市,罗湖区,水贝
广东省,深圳市,罗湖区,理想新城
广东省,深圳市,罗湖区,泥岗
广东省,深圳市,罗湖区,留医部
广东省,深圳市,罗湖区,田贝
广东省,深圳市,罗湖区,宝安南路沿线
广东省,深圳市,罗湖区,银湖
广东省,深圳市,罗湖区,国贸
广东省,深圳市,罗湖区,洪湖
广东省,深圳市,罗湖区,翠竹
广东省,深圳市,福田区,园岭
广东省,深圳市,福田区,福华新村
广东省,深圳市,福田区,石厦
广东省,深圳市,福田区,皇岗
广东省,深圳市,福田区,八卦岭
广东省,深圳市,福田区,上梅林
广东省,深圳市,福田区,沙尾
广东省,深圳市,福田区,莲花一村
广东省,深圳市,福田区,沙嘴
广东省,深圳市,福田区,福田区委
广东省,深圳市,福田区,景田
广东省,深圳市,福田区,保税区
广东省,深圳市,福田区,购物公园
广东省,深圳市,福田区,新洲
广东省,深圳市,福田区,车公庙
广东省,深圳市,福田区,荔枝公园
广东省,深圳市,福田区,莲花二村
广东省,深圳市,福田区,振华路
广东省,深圳市,福田区,岗厦
广东省,深圳市,福田区,莲花北村
广东省,深圳市,福田区,莲花三村
广东省,深圳市,福田区,竹子林
广东省,深圳市,福田区,上沙
广东省,深圳市,福田区,下梅林
广东省,深圳市,福田区,香蜜湖
广东省,深圳市,福田区,上步
广东省,深圳市,福田区,沙头
广东省,深圳市,福田区,中信广场
广东省,深圳市,福田区,赤尾
广东省,深圳市,福田区,福民新村
广东省,深圳市,福田区,下沙
广东省,深圳市,福田区,笔架山
广东省,深圳市,福田区,益田村
广东省,深圳市,福田区,华强北
广东省,深圳市,南山区,海王大厦
广东省,深圳市,南山区,南油
广东省,深圳市,南山区,大冲
广东省,深圳市,南山区,南头
广东省,深圳市,南山区,南山医院
广东省,深圳市,南山区,南新路口
广东省,深圳市,南山区,科技园
广东省,深圳市,南山区,桂庙路口
广东省,深圳市,南山区,白石洲
广东省,深圳市,南山区,海上世界
广东省,深圳市,南山区,华侨城
广东省,深圳市,南山区,蛇口
广东省,深圳市,南山区,桃源村
广东省,深圳市,南山区,后海
广东省,深圳市,南山区,西丽
广东省,深圳市,南山区,前海
广东省,深圳市,南山区,深圳湾
广东省,深圳市,宝安区,翻身路
广东省,深圳市,宝安区,观澜
广东省,深圳市,宝安区,新安
广东省,深圳市,宝安区,滢水山庄
广东省,深圳市,宝安区,美丽花园
广东省,深圳市,宝安区,龙华
广东省,深圳市,宝安区,潜龙花园
广东省,深圳市,宝安区,西乡
广东省,深圳市,宝安区,锦绣江南
广东省,深圳市,宝安区,沙井
广东省,深圳市,宝安区,松岗
广东省,深圳市,宝安区,石岩
广东省,深圳市,宝安区,桃源居
广东省,深圳市,宝安区,民治
广东省,深圳市,宝安区,福永
广东省,深圳市,龙岗区,布吉
广东省,深圳市,龙岗区,桂芳园
广东省,深圳市,龙岗区,坪地
广东省,深圳市,龙岗区,龙珠花园
广东省,深圳市,龙岗区,葵涌
广东省,深圳市,龙岗区,康桥
广东省,深圳市,龙岗区,坪山
广东省,深圳市,龙岗区,横岗
广东省,深圳市,龙岗区,坂田
广东省,深圳市,龙岗区,万科城
广东省,深圳市,龙岗区,大芬村
广东省,深圳市,盐田区,大梅沙
广东省,深圳市,盐田区,小梅沙
广东省,深圳市,盐田区,沙头角
广东省,珠海市,香洲区,园林路
广东省,珠海市,香洲区,迎宾
广东省,珠海市,香洲区,新香洲
广东省,珠海市,香洲区,湾仔
广东省,珠海市,香洲区,兴业路
广东省,珠海市,香洲区,新涌
广东省,珠海市,香洲区,南屏
广东省,珠海市,香洲区,中山亭
广东省,珠海市,香洲区,体育中心
广东省,珠海市,香洲区,香柠花园
广东省,珠海市,香洲区,兰埔
广东省,珠海市,香洲区,二中
广东省,珠海市,香洲区,翠香路
广东省,珠海市,香洲区,吉大
广东省,珠海市,香洲区,拱北
广东省,珠海市,香洲区,华发新城
广东省,珠海市,香洲区,狮山
广东省,珠海市,香洲区,中山大学
广东省,珠海市,香洲区,海滨
广东省,珠海市,香洲区,夏美
广东省,珠海市,香洲区,富康花园
广东省,珠海市,香洲区,卓雅花园
广东省,珠海市,香洲区,湾仔沙
广东省,珠海市,香洲区,长环新村
广东省,珠海市,香洲区,翠前
广东省,珠海市,香洲区,石花
广东省,珠海市,香洲区,安居园
广东省,珠海市,香洲区,唐家湾
广东省,珠海市,香洲区,柠溪路
广东省,珠海市,香洲区,夏湾
广东省,珠海市,香洲区,情侣南路
广东省,珠海市,香洲区,前山
广东省,珠海市,香洲区,北园
广东省,珠海市,香洲区,海洲路
广东省,珠海市,香洲区,南村
广东省,珠海市,香洲区,紫荆园
广东省,珠海市,香洲区,翠微
广东省,珠海市,香洲区,南香里
广东省,珠海市,香洲区,石花西路
广东省,珠海市,香洲区,香湾
广东省,珠海市,香洲区,粤海中路
广东省,珠海市,香洲区,竹苑
广东省,珠海市,香洲区,红山
广东省,珠海市,香洲区,保健院
广东省,珠海市,香洲区,水湾路
广东省,珠海市,香洲区,万佳百货
广东省,珠海市,香洲区,南坑
广东省,珠海市,香洲区,明珠南路
广东省,珠海市,香洲区,凤凰
广东省,珠海市,香洲区,水湾头
广东省,珠海市,香洲区,人民西路
广东省,珠海市,斗门区,平沙
广东省,珠海市,斗门区,井岸
广东省,珠海市,斗门区,白蕉
广东省,珠海市,金湾区,三灶
广东省,珠海市,金湾区,横琴
广东省,珠海市,金湾区,红旗
广东省,佛山市,禅城区,石湾
广东省,佛山市,禅城区,季华园
广东省,佛山市,禅城区,市政府
广东省,佛山市,禅城区,季华五路
广东省,佛山市,禅城区,祖庙
广东省,佛山市,禅城区,汾江南路
广东省,佛山市,南海区,桂城
广东省,佛山市,南海区,里水
广东省,佛山市,南海区,狮山
广东省,佛山市,南海区,西樵
广东省,佛山市,南海区,大沥
广东省,佛山市,南海区,丹灶
广东省,佛山市,顺德区,容桂
广东省,佛山市,顺德区,陈村
广东省,佛山市,顺德区,均安
广东省,佛山市,顺德区,德民路
广东省,佛山市,顺德区,伦教
广东省,佛山市,顺德区,杏坛
广东省,佛山市,顺德区,勒流
广东省,佛山市,顺德区,大福路
广东省,佛山市,顺德区,龙江
广东省,佛山市,顺德区,大良
广东省,佛山市,顺德区,乐从
广东省,佛山市,三水区,大塘
广东省,佛山市,三水区,华龙路
广东省,佛山市,三水区,白坭
广东省,佛山市,高明区,文汇路
广东省,佛山市,高明区,沿江路
广东省,佛山市,高明区,沧江路
广东省,汕尾市,海丰县,海城
广东省,汕尾市,海丰县,城东
广东省,汕尾市,海丰县,附城
广东省,汕尾市,陆丰市,河西
广东省,汕尾市,陆丰市,东海
广东省,汕尾市,陆丰市,碣石
广东省,汕尾市,陆丰市,河东
广东省,汕尾市,汕尾城区,新港
广东省,汕尾市,汕尾城区,东涌
广东省,汕尾市,汕尾城区,香洲
广东省,汕尾市,汕尾城区,凤山
广西壮族自治区,南宁市,兴宁区,明秀东路
广西壮族自治区,南宁市,兴宁区,民生
广西壮族自治区,南宁市,兴宁区,人民公园
广西壮族自治区,南宁市,兴宁区,望州路
广西壮族自治区,南宁市,兴宁区,昆仑
广西壮族自治区,南宁市,兴宁区,望州南路
广西壮族自治区,南宁市,兴宁区,朝阳
广西壮族自治区,南宁市,兴宁区,燕子岭
广西壮族自治区,南宁市,兴宁区,三塘
广西壮族自治区,南宁市,兴宁区,文化宫
广西壮族自治区,南宁市,兴宁区,民族商场
广西壮族自治区,南宁市,青秀区,翡翠园
广西壮族自治区,南宁市,青秀区,津头
广西壮族自治区,南宁市,青秀区,会展中心
广西壮族自治区,南宁市,青秀区,长湖路
广西壮族自治区,南宁市,青秀区,教育路
广西壮族自治区,南宁市,青秀区,新兴苑
广西壮族自治区,南宁市,青秀区,中山
广西壮族自治区,南宁市,青秀区,麻村
广西壮族自治区,南宁市,青秀区,广西艺术学院
广西壮族自治区,南宁市,青秀区,东宝路
广西壮族自治区,南宁市,青秀区,金花茶公园
广西壮族自治区,南宁市,青秀区,新竹
广西壮族自治区,南宁市,青秀区,民族大道
广西壮族自治区,南宁市,青秀区,古城路口
广西壮族自治区,南宁市,青秀区,南环路
广西壮族自治区,南宁市,青秀区,柳沙
广西壮族自治区,南宁市,青秀区,碧湖路
广西壮族自治区,南宁市,青秀区,建政路
广西壮族自治区,南宁市,青秀区,医科大学
广西壮族自治区,南宁市,青秀区,南湖
广西壮族自治区,南宁市,青秀区,五象广场
广西壮族自治区,南宁市,江南区,沙井
广西壮族自治区,南宁市,江南区,金湾花城
广西壮族自治区,南宁市,江南区,延安
广西壮族自治区,南宁市,江南区,南国花园
广西壮族自治区,南宁市,江南区,翠湖新城
广西壮族自治区,南宁市,江南区,亭洪路
广西壮族自治区,南宁市,江南区,荣和新城
广西壮族自治区,南宁市,江南区,吴圩
广西壮族自治区,南宁市,江南区,丽江村小区
广西壮族自治区,南宁市,江南区,菠萝岭
广西壮族自治区,南宁市,江南区,二医院
广西壮族自治区,南宁市,江南区,石柱岭
广西壮族自治区,南宁市,江南区,那洪
广西壮族自治区,南宁市,江南区,五一路
广西壮族自治区,南宁市,江南区,福建园
广西壮族自治区,南宁市,西乡塘区,鲁班路
广西壮族自治区,南宁市,西乡塘区,区工商局
广西壮族自治区,南宁市,西乡塘区,上尧
广西壮族自治区,南宁市,西乡塘区,安吉
广西壮族自治区,南宁市,西乡塘区,秀灵路
广西壮族自治区,南宁市,西乡塘区,北湖
广西壮族自治区,南宁市,西乡塘区,北际南路
广西壮族自治区,南宁市,西乡塘区,大学西路
广西壮族自治区,南宁市,西乡塘区,广西大学
广西壮族自治区,南宁市,西乡塘区,华强
广西壮族自治区,南宁市,西乡塘区,秀厢大道
广西壮族自治区,南宁市,西乡塘区,广西财经学院
广西壮族自治区,南宁市,西乡塘区,新阳
广西壮族自治区,南宁市,西乡塘区,中华路
广西壮族自治区,南宁市,西乡塘区,明秀小区
广西壮族自治区,南宁市,西乡塘区,中尧路
广西壮族自治区,南宁市,西乡塘区,动物园
广西壮族自治区,南宁市,西乡塘区,火炬路
广西壮族自治区,南宁市,西乡塘区,安宁
广西壮族自治区,南宁市,西乡塘区,衡阳
广西壮族自治区,南宁市,西乡塘区,心圩
广西壮族自治区,南宁市,西乡塘区,龙腾路
广西壮族自治区,南宁市,西乡塘区,石埠
广西壮族自治区,南宁市,良庆区,大沙田
广西壮族自治区,南宁市,良庆区,良庆
广西壮族自治区,南宁市,邕宁区,蒲庙
广西壮族自治区,玉林市,玉州区,名山
广西壮族自治区,玉林市,玉州区,城西
广西壮族自治区,玉林市,玉州区,南江
广西壮族自治区,玉林市,玉州区,玉城
广西壮族自治区,玉林市,玉州区,城北
海南省,海口市,龙华区,滨海
海南省,海口市,龙华区,海秀
海南省,海口市,龙华区,金龙路
海南省,海口市,龙华区,大同
海南省,海口市,龙华区,金贸
海南省,海口市,龙华区,金宇
海南省,海口市,龙华区,海垦
海南省,海口市,琼山区,中山
海南省,海口市,琼山区,国兴
海南省,海口市,美兰区,海甸
海南省,海口市,美兰区,海府
海南省,海口市,美兰区,蓝天
海南省,海口市,美兰区,人民大道
海南省,海口市,美兰区,白沙
海南省,海口市,美兰区,和平南
海南省,海口市,美兰区,博爱
海南省,海口市,美兰区,白龙
海南省,三亚市,三亚市,亚龙湾
海南省,三亚市,三亚市,三亚湾
海南省,三亚市,三亚市,大东海
重庆市,重庆市,万州区,百安坝
重庆市,重庆市,万州区,龙都
重庆市,重庆市,万州区,高笋塘
重庆市,重庆市,万州区,甘宁
重庆市,重庆市,万州区,钟鼓楼
重庆市,重庆市,万州区,九池
重庆市,重庆市,万州区,周家坝
重庆市,重庆市,万州区,五桥
重庆市,重庆市,万州区,天城
重庆市,重庆市,万州区,高梁
重庆市,重庆市,万州区,牌楼
重庆市,重庆市,万州区,孙家
重庆市,重庆市,万州区,太白
重庆市,重庆市,万州区,沙河
重庆市,重庆市,万州区,陈家坝
重庆市,重庆市,涪陵区,蔺市
重庆市,重庆市,涪陵区,崇义
重庆市,重庆市,涪陵区,敦仁
重庆市,重庆市,涪陵区,江东
重庆市,重庆市,涪陵区,江北
重庆市,重庆市,涪陵区,白涛
重庆市,重庆市,涪陵区,李渡
重庆市,重庆市,涪陵区,中峰
重庆市,重庆市,涪陵区,龙潭
重庆市,重庆市,涪陵区,荔枝
重庆市,重庆市,渝中区,朝天门
重庆市,重庆市,渝中区,化龙桥
重庆市,重庆市,渝中区,大坪
重庆市,重庆市,渝中区,七星岗
重庆市,重庆市,渝中区,两路口
重庆市,重庆市,渝中区,较场口
重庆市,重庆市,渝中区,嘉滨路
重庆市,重庆市,渝中区,望龙门
重庆市,重庆市,渝中区,大溪沟
重庆市,重庆市,渝中区,上清寺
重庆市,重庆市,渝中区,鹅岭
重庆市,重庆市,渝中区,菜园坝
重庆市,重庆市,渝中区,王家坡
重庆市,重庆市,渝中区,解放碑
重庆市,重庆市,大渡口区,大渡口公园
重庆市,重庆市,大渡口区,九宫庙
重庆市,重庆市,大渡口区,建胜
重庆市,重庆市,大渡口区,马王乡
重庆市,重庆市,大渡口区,新山村
重庆市,重庆市,大渡口区,跃进村
重庆市,重庆市,大渡口区,八桥
重庆市,重庆市,大渡口区,春晖路
重庆市,重庆市,江北区,大石坝
重庆市,重庆市,江北区,寸滩
重庆市,重庆市,江北区,五里店
重庆市,重庆市,江北区,洋河花园
重庆市,重庆市,江北区,石马河
重庆市,重庆市,江北区,观音桥
重庆市,重庆市,江北区,铁山坪
重庆市,重庆市,江北区,复盛
重庆市,重庆市,江北区,华新街
重庆市,重庆市,沙坪坝区,新桥
重庆市,重庆市,沙坪坝区,石井坡
重庆市,重庆市,沙坪坝区,渝碚路
重庆市,重庆市,沙坪坝区,土主
重庆市,重庆市,沙坪坝区,凤凰
重庆市,重庆市,沙坪坝区,重庆大学
重庆市,重庆市,沙坪坝区,小龙坎
重庆市,重庆市,沙坪坝区,歌乐山
重庆市,重庆市,沙坪坝区,曾家
重庆市,重庆市,沙坪坝区,覃家岗
重庆市,重庆市,沙坪坝区,陈家桥
重庆市,重庆市,沙坪坝区,童家桥
重庆市,重庆市,沙坪坝区,天星桥
重庆市,重庆市,沙坪坝区,青木关
重庆市,重庆市,沙坪坝区,磁器口
重庆市,重庆市,沙坪坝区,山洞
重庆市,重庆市,沙坪坝区,土湾
重庆市,重庆市,沙坪坝区,中梁
重庆市,重庆市,沙坪坝区,西永
重庆市,重庆市,沙坪坝区,詹家溪
重庆市,重庆市,沙坪坝区,汉渝路
重庆市,重庆市,沙坪坝区,虎溪
重庆市,重庆市,九龙坡区,西彭
重庆市,重庆市,九龙坡区,石桥铺
重庆市,重庆市,九龙坡区,含谷
重庆市,重庆市,九龙坡区,谢家湾
重庆市,重庆市,九龙坡区,杨家坪
重庆市,重庆市,九龙坡区,中梁山
重庆市,重庆市,九龙坡区,石板
重庆市,重庆市,九龙坡区,陶家
重庆市,重庆市,九龙坡区,黄桷坪
重庆市,重庆市,九龙坡区,开发区
重庆市,重庆市,九龙坡区,石坪桥
重庆市,重庆市,九龙坡区,金凤
重庆市,重庆市,九龙坡区,渝州路
重庆市,重庆市,九龙坡区,华岩
重庆市,重庆市,九龙坡区,白市驿
重庆市,重庆市,九龙坡区,九龙
重庆市,重庆市,九龙坡区,高新区
重庆市,重庆市,南岸区,玄坛庙
重庆市,重庆市,南岸区,南滨路
重庆市,重庆市,南岸区,龙门浩
重庆市,重庆市,南岸区,黄桷桠
重庆市,重庆市,南岸区,回龙湾
重庆市,重庆市,南岸区,弹子石
重庆市,重庆市,南岸区,南山
重庆市,重庆市,南岸区,四公里
重庆市,重庆市,南岸区,鸡冠石
重庆市,重庆市,南岸区,铜元局
重庆市,重庆市,南岸区,南坪
重庆市,重庆市,南岸区,长生桥
重庆市,重庆市,南岸区,海棠溪
重庆市,重庆市,北碚区,龙凤桥
重庆市,重庆市,北碚区,天府
重庆市,重庆市,北碚区,北温泉
重庆市,重庆市,北碚区,柳荫
重庆市,重庆市,北碚区,童家溪
重庆市,重庆市,北碚区,朝阳
重庆市,重庆市,北碚区,水土
重庆市,重庆市,北碚区,歇马
重庆市,重庆市,北碚区,东阳
重庆市,重庆市,万盛区,景星
重庆市,重庆市,万盛区,金桥
重庆市,重庆市,万盛区,万东
重庆市,重庆市,双桥区,龙滩子
重庆市,重庆市,双桥区,双路
重庆市,重庆市,渝北区,兴隆
重庆市,重庆市,渝北区,鸳鸯
重庆市,重庆市,渝北区,松树桥
重庆市,重庆市,渝北区,两路
重庆市,重庆市,渝北区,双凤桥
重庆市,重庆市,渝北区,龙溪
重庆市,重庆市,渝北区,统景
重庆市,重庆市,渝北区,人和
重庆市,重庆市,渝北区,双龙湖
重庆市,重庆市,渝北区,洛碛
重庆市,重庆市,渝北区,回兴
重庆市,重庆市,渝北区,大竹林
重庆市,重庆市,渝北区,冉家坝
重庆市,重庆市,渝北区,龙兴
重庆市,重庆市,渝北区,黄泥塝
重庆市,重庆市,巴南区,东泉
重庆市,重庆市,巴南区,南泉
重庆市,重庆市,巴南区,双河口
重庆市,重庆市,巴南区,接龙
重庆市,重庆市,巴南区,鱼洞
重庆市,重庆市,巴南区,李家沱
重庆市,重庆市,巴南区,花溪
重庆市,重庆市,黔江区,南海
重庆市,重庆市,黔江区,新华
重庆市,重庆市,黔江区,九龙
重庆市,重庆市,黔江区,濯水
重庆市,重庆市,黔江区,联合
重庆市,重庆市,长寿区,凤城
重庆市,重庆市,长寿区,邻封
重庆市,重庆市,长寿区,江南
重庆市,重庆市,长寿区,云集
重庆市,重庆市,长寿区,洪湖
重庆市,重庆市,长寿区,渡舟
重庆市,重庆市,长寿区,长寿湖
四川省,成都市,锦江区,九眼桥
四川省,成都市,锦江区,东光
四川省,成都市,锦江区,春熙路
四川省,成都市,锦江区,牛市口
四川省,成都市,锦江区,四川师大
四川省,成都市,锦江区,海椒市
四川省,成都市,锦江区,书院街
四川省,成都市,锦江区,成龙路
四川省,成都市,锦江区,盐市口
四川省,成都市,锦江区,督院街
四川省,成都市,锦江区,莲桂路
四川省,成都市,锦江区,红星路
四川省,成都市,锦江区,三圣
四川省,成都市,锦江区,莲新
四川省,成都市,锦江区,东门大桥
四川省,成都市,锦江区,水井坊
四川省,成都市,锦江区,牛王庙
四川省,成都市,锦江区,合江亭
四川省,成都市,锦江区,龙舟路
四川省,成都市,青羊区,人民公园
四川省,成都市,青羊区,东坡
四川省,成都市,青羊区,汪家拐
四川省,成都市,青羊区,骡马市
四川省,成都市,青羊区,光华
四川省,成都市,青羊区,青羊宫
四川省,成都市,青羊区,八宝街
四川省,成都市,青羊区,天府广场
四川省,成都市,青羊区,杜甫草堂
四川省,成都市,青羊区,太升路
四川省,成都市,青羊区,黄田坝
四川省,成都市,青羊区,金沙
四川省,成都市,青羊区,草市街
四川省,成都市,青羊区,草堂
四川省,成都市,青羊区,青羊大道
四川省,成都市,青羊区,西南财大
四川省,成都市,青羊区,文家
四川省,成都市,青羊区,府南
四川省,成都市,金牛区,梁家巷
四川省,成都市,金牛区,天回
四川省,成都市,金牛区,抚琴
四川省,成都市,金牛区,人民北路
四川省,成都市,金牛区,解放路
四川省,成都市,金牛区,城隍庙
四川省,成都市,金牛区,交大路
四川省,成都市,金牛区,九里堤
四川省,成都市,金牛区,沙河源
四川省,成都市,金牛区,火车站
四川省,成都市,金牛区,茶店子
四川省,成都市,金牛区,金泉
四川省,成都市,金牛区,营门口
四川省,成都市,金牛区,驷马桥
四川省,成都市,金牛区,李家沱
四川省,成都市,金牛区,西南交大
四川省,成都市,金牛区,会展中心
四川省,成都市,金牛区,凤凰山
四川省,成都市,金牛区,黄忠
四川省,成都市,金牛区,蜀汉路
四川省,成都市,武侯区,四川大学
四川省,成都市,武侯区,跳伞塔
四川省,成都市,武侯区,高升桥
四川省,成都市,武侯区,紫荆
四川省,成都市,武侯区,金花桥
四川省,成都市,武侯区,机投桥
四川省,成都市,武侯区,双楠
四川省,成都市,武侯区,望江路
四川省,成都市,武侯区,浆洗街
四川省,成都市,武侯区,桂溪
四川省,成都市,武侯区,神仙树
四川省,成都市,武侯区,火车南站
四川省,成都市,武侯区,红牌楼
四川省,成都市,武侯区,桐梓林
四川省,成都市,武侯区,磨子桥
四川省,成都市,武侯区,肖家河
四川省,成都市,武侯区,玉林
四川省,成都市,武侯区,武侯祠
四川省,成都市,武侯区,小天竺
四川省,成都市,武侯区,科华北路
四川省,成都市,武侯区,簇桥
四川省,成都市,成华区,府青路
四川省,成都市,成华区,保和
四川省,成都市,成华区,双桥子
四川省,成都市,成华区,新鸿路
四川省,成都市,成华区,双水碾
四川省,成都市,成华区,万年场
四川省,成都市,成华区,圣灯
四川省,成都市,成华区,八里庄
四川省,成都市,成华区,建设路
四川省,成都市,成华区,二仙桥
四川省,成都市,成华区,青龙
四川省,成都市,成华区,八里小区
四川省,成都市,成华区,猛追湾
四川省,成都市,成华区,双林路
四川省,成都市,龙泉驿区,大面
四川省,成都市,龙泉驿区,洪河
四川省,成都市,龙泉驿区,同安
四川省,成都市,龙泉驿区,十陵
四川省,成都市,龙泉驿区,龙泉
四川省,成都市,青白江区,大弯
四川省,成都市,青白江区,红阳
四川省,成都市,新都区,斑竹园
四川省,成都市,新都区,木兰
四川省,成都市,新都区,大丰
四川省,成都市,新都区,新繁
四川省,成都市,新都区,新都
四川省,成都市,新都区,石板滩
四川省,成都市,新都区,三河
四川省,成都市,新都区,龙桥
四川省,成都市,温江区,天府
四川省,成都市,温江区,公平
四川省,成都市,温江区,永宁
四川省,成都市,温江区,万春
四川省,成都市,温江区,和盛
四川省,成都市,温江区,涌泉
四川省,成都市,温江区,柳城
四川省,成都市,温江区,金马
四川省,成都市,金堂县,淮口
四川省,成都市,金堂县,五凤
四川省,成都市,金堂县,赵镇
四川省,成都市,双流县,新兴
四川省,成都市,双流县,三星
四川省,成都市,双流县,黄龙溪
四川省,成都市,双流县,永安
四川省,成都市,双流县,文星
四川省,成都市,双流县,金桥
四川省,成都市,双流县,永兴
四川省,成都市,双流县,公兴
四川省,成都市,双流县,西安路
四川省,成都市,双流县,黄甲
四川省,成都市,双流县,白沙
四川省,成都市,双流县,正兴
四川省,成都市,双流县,兴隆
四川省,成都市,双流县,太平
四川省,成都市,双流县,白家
四川省,成都市,双流县,黄水
四川省,成都市,双流县,胜利
四川省,成都市,双流县,九江
四川省,成都市,双流县,顺城街
四川省,成都市,双流县,东升
四川省,成都市,双流县,中和
四川省,成都市,双流县,华阳
四川省,成都市,郫县,西华
四川省,成都市,郫县,唐昌
四川省,成都市,郫县,郫筒
四川省,成都市,郫县,安靖
四川省,成都市,郫县,唐元
四川省,成都市,郫县,团结
四川省,成都市,郫县,犀浦
四川省,成都市,郫县,安德
四川省,成都市,郫县,红光
四川省,成都市,郫县,德源
四川省,成都市,郫县,友爱
四川省,成都市,大邑县,晋原
四川省,成都市,大邑县,西岭
四川省,成都市,大邑县,安仁
四川省,成都市,大邑县,董场
四川省,成都市,大邑县,新场
四川省,成都市,大邑县,沙渠
四川省,成都市,大邑县,花水湾
四川省,成都市,蒲江县,朝阳湖
四川省,成都市,蒲江县,鹤山
四川省,成都市,蒲江县,成佳
四川省,成都市,新津县,花桥
四川省,成都市,新津县,永商
四川省,成都市,新津县,五津
四川省,成都市,新津县,邓双
四川省,成都市,都江堰市,青城山
四川省,成都市,都江堰市,灌口
四川省,成都市,都江堰市,中兴
四川省,成都市,都江堰市,蒲阳
四川省,成都市,都江堰市,聚源
四川省,成都市,都江堰市,大观
四川省,成都市,都江堰市,幸福
四川省,成都市,都江堰市,翠月湖
四川省,成都市,都江堰市,胥家
四川省,成都市,都江堰市,石羊
四川省,成都市,都江堰市,玉堂
四川省,成都市,彭州市,丽春
四川省,成都市,彭州市,小鱼洞
四川省,成都市,彭州市,军乐
四川省,成都市,彭州市,九尺
四川省,成都市,彭州市,致和
四川省,成都市,彭州市,天彭
四川省,成都市,彭州市,龙门山
四川省,成都市,邛崃市,临邛
四川省,成都市,邛崃市,天台山
四川省,成都市,邛崃市,火井
四川省,成都市,邛崃市,水口
四川省,成都市,邛崃市,前进
四川省,成都市,邛崃市,夹关
四川省,成都市,邛崃市,羊安
四川省,成都市,邛崃市,平乐
四川省,成都市,崇州市,桤泉
四川省,成都市,崇州市,崇阳
四川省,成都市,崇州市,街子
四川省,成都市,崇州市,万家
贵州省,贵阳市,南明区,月亮岩
贵州省,贵阳市,南明区,纪念塔
贵州省,贵阳市,南明区,大南门
贵州省,贵阳市,南明区,新路口
贵州省,贵阳市,南明区,西湖路
贵州省,贵阳市,南明区,营盘路
贵州省,贵阳市,南明区,新华路
贵州省,贵阳市,南明区,宝山南路
贵州省,贵阳市,南明区,二戈寨
贵州省,贵阳市,南明区,兴关
贵州省,贵阳市,南明区,解放路
贵州省,贵阳市,南明区,遵义路
贵州省,贵阳市,南明区,河滨
贵州省,贵阳市,南明区,花果园
贵州省,贵阳市,南明区,团坡
贵州省,贵阳市,南明区,富水南路
贵州省,贵阳市,南明区,沙冲
贵州省,贵阳市,南明区,太慈桥
贵州省,贵阳市,南明区,护国路
贵州省,贵阳市,南明区,中华南路
贵州省,贵阳市,南明区,市府路
贵州省,贵阳市,南明区,龙洞堡
贵州省,贵阳市,南明区,油榨街
贵州省,贵阳市,云岩区,中天花园
贵州省,贵阳市,云岩区,东山
贵州省,贵阳市,云岩区,中华中路
贵州省,贵阳市,云岩区,喷水池
贵州省,贵阳市,云岩区,中华北路
贵州省,贵阳市,云岩区,八鸽岩
贵州省,贵阳市,云岩区,狮峰路
贵州省,贵阳市,云岩区,大十字
贵州省,贵阳市,云岩区,大西门
贵州省,贵阳市,云岩区,宝山北路
贵州省,贵阳市,云岩区,黔灵公园
贵州省,贵阳市,云岩区,三桥
贵州省,贵阳市,云岩区,中山东路
贵州省,贵阳市,云岩区,贵乌路
贵州省,贵阳市,云岩区,老东门
贵州省,贵阳市,云岩区,威清路
贵州省,贵阳市,云岩区,客车站
贵州省,贵阳市,云岩区,环城北路
贵州省,贵阳市,云岩区,北京路
贵州省,贵阳市,云岩区,煤矿村
贵州省,贵阳市,云岩区,普陀路
贵州省,贵阳市,云岩区,延安中路
贵州省,贵阳市,云岩区,陕西路
贵州省,贵阳市,云岩区,沙河
贵州省,贵阳市,云岩区,盐务街
贵州省,贵阳市,云岩区,中山西路
贵州省,贵阳市,云岩区,文昌北路
贵州省,贵阳市,云岩区,新添大道
贵州省,贵阳市,云岩区,二桥
贵州省,贵阳市,云岩区,大营坡
贵州省,贵阳市,云岩区,市西路
贵州省,贵阳市,云岩区,黔灵东路
贵州省,贵阳市,云岩区,师大
贵州省,贵阳市,云岩区,公园路
贵州省,贵阳市,云岩区,省府路
贵州省,贵阳市,云岩区,头桥
贵州省,贵阳市,云岩区,宅吉
贵州省,贵阳市,花溪区,石板
贵州省,贵阳市,乌当区,新添寨
贵州省,贵阳市,乌当区,金华
贵州省,贵阳市,白云区,艳山红
贵州省,贵阳市,白云区,都拉营
贵州省,贵阳市,白云区,龚家寨
贵州省,贵阳市,白云区,大山洞
贵州省,贵阳市,小河区,黄河路
贵州省,贵阳市,小河区,清水江路
贵州省,贵阳市,小河区,中曹
贵州省,贵阳市,小河区,长江路
贵州省,贵阳市,小河区,漓江路
贵州省,贵阳市,开阳县,马场
贵州省,贵阳市,开阳县,城关
贵州省,贵阳市,息烽县,永靖
贵州省,贵阳市,息烽县,温泉
贵州省,贵阳市,清镇市,青龙
贵州省,贵阳市,清镇市,站街
贵州省,贵阳市,清镇市,红枫湖
云南省,昆明市,五华区,翠湖公园
云南省,昆明市,五华区,华龙人家
云南省,昆明市,五华区,莲花池
云南省,昆明市,五华区,黑林铺
云南省,昆明市,五华区,虹山东路
云南省,昆明市,五华区,教场中路
云南省,昆明市,五华区,护国
云南省,昆明市,五华区,巴士家园
云南省,昆明市,五华区,国际花园
云南省,昆明市,五华区,茭菱路
云南省,昆明市,五华区,大观
云南省,昆明市,五华区,普吉
云南省,昆明市,五华区,文化巷
云南省,昆明市,五华区,黄土坡
云南省,昆明市,五华区,青年路
云南省,昆明市,五华区,龙翔
云南省,昆明市,五华区,北门街
云南省,昆明市,五华区,红云
云南省,昆明市,五华区,小西门
云南省,昆明市,五华区,华山
云南省,昆明市,五华区,莲华
云南省,昆明市,五华区,王家桥
云南省,昆明市,五华区,赵家堆
云南省,昆明市,五华区,下马村
云南省,昆明市,五华区,梁家河
云南省,昆明市,五华区,小菜园
云南省,昆明市,五华区,教场北路
云南省,昆明市,五华区,三市街
云南省,昆明市,五华区,丰宁小区
云南省,昆明市,五华区,建设路
云南省,昆明市,五华区,龙泉
云南省,昆明市,五华区,钱局街
云南省,昆明市,五华区,江岸小区
云南省,昆明市,五华区,威远街
云南省,昆明市,五华区,西站
云南省,昆明市,五华区,云南大学
云南省,昆明市,五华区,学府路
云南省,昆明市,五华区,北教场
云南省,昆明市,五华区,昆瑞路
云南省,昆明市,盘龙区,金星立交桥
云南省,昆明市,盘龙区,席子营
云南省,昆明市,盘龙区,东华
云南省,昆明市,盘龙区,环城北路
云南省,昆明市,盘龙区,刘家营
云南省,昆明市,盘龙区,人民东路
云南省,昆明市,盘龙区,北京路
云南省,昆明市,盘龙区,白龙路
云南省,昆明市,盘龙区,交三桥
云南省,昆明市,盘龙区,金沙小区
云南省,昆明市,盘龙区,金实小区
云南省,昆明市,盘龙区,东风巷
云南省,昆明市,盘龙区,白龙寺
云南省,昆明市,盘龙区,白塔路
云南省,昆明市,盘龙区,金康园
云南省,昆明市,盘龙区,东风广场
云南省,昆明市,盘龙区,王旗营
云南省,昆明市,盘龙区,延安医院
云南省,昆明市,盘龙区,联盟
云南省,昆明市,盘龙区,颐华路
云南省,昆明市,盘龙区,麻线营
云南省,昆明市,盘龙区,拓东
云南省,昆明市,盘龙区,茨坝
云南省,昆明市,盘龙区,新迎路
云南省,昆明市,盘龙区,白云路
云南省,昆明市,官渡区,关上
云南省,昆明市,官渡区,昆明站
云南省,昆明市,官渡区,宝海路
云南省,昆明市,官渡区,塘子巷
云南省,昆明市,官渡区,宝海公园
云南省,昆明市,官渡区,吴井路
云南省,昆明市,官渡区,菊花村
云南省,昆明市,官渡区,日新小区
云南省,昆明市,官渡区,和平新村
云南省,昆明市,官渡区,金马
云南省,昆明市,官渡区,金马立交桥
云南省,昆明市,官渡区,大树营
云南省,昆明市,官渡区,太和
云南省,昆明市,官渡区,民航路
云南省,昆明市,官渡区,董家湾
云南省,昆明市,官渡区,经济技术开发区
云南省,昆明市,官渡区,东站
云南省,昆明市,官渡区,和平村
云南省,昆明市,西山区,碧鸡
云南省,昆明市,西山区,大观楼
云南省,昆明市,西山区,丹霞路
云南省,昆明市,西山区,西苑立交桥
云南省,昆明市,西山区,近华浦路
云南省,昆明市,西山区,船房小区
云南省,昆明市,西山区,云兴路
云南省,昆明市,西山区,正和小区
云南省,昆明市,西山区,西坝路
云南省,昆明市,西山区,春苑小区
云南省,昆明市,西山区,兴苑路
云南省,昆明市,西山区,金碧
云南省,昆明市,西山区,阳光花园
云南省,昆明市,西山区,安康路
云南省,昆明市,西山区,新闻路
云南省,昆明市,西山区,梁源小区
云南省,昆明市,西山区,金马坊
云南省,昆明市,西山区,杨家地
云南省,昆明市,西山区,华昌路
云南省,昆明市,西山区,东寺街
云南省,昆明市,西山区,马街
云南省,昆明市,西山区,西华小区
云南省,昆明市,西山区,环城西路
云南省,昆明市,西山区,东陆饭店
云南省,昆明市,西山区,海口
云南省,昆明市,西山区,民族村
云南省,昆明市,西山区,秋苑小区
云南省,昆明市,西山区,近日楼
云南省,昆明市,西山区,棕树营
云南省,昆明市,西山区,严家地
云南省,昆明市,西山区,前卫
云南省,昆明市,西山区,永昌
云南省,昆明市,西山区,福海
云南省,昆明市,西山区,气象路
云南省,昆明市,西山区,工人新村
云南省,昆明市,东川区,新村
云南省,昆明市,富民县,大营
云南省,昆明市,富民县,永定
云南省,昆明市,宜良县,匡远
云南省,昆明市,宜良县,汤池
云南省,昆明市,嵩明县,杨林
云南省,昆明市,嵩明县,嵩阳
云南省,昆明市,安宁市,温泉
云南省,昆明市,安宁市,连然
云南省,昆明市,安宁市,青龙
西藏自治区,拉萨市,城关区,八廓
西藏自治区,拉萨市,城关区,吉日
西藏自治区,拉萨市,城关区,扎基
西藏自治区,拉萨市,城关区,吉崩岗
西藏自治区,拉萨市,城关区,冲赛康
陕西省,西安市,新城区,胡家庙
陕西省,西安市,新城区,尚勤路
陕西省,西安市,新城区,西京医院
陕西省,西安市,新城区,火车站
陕西省,西安市,新城区,大差市
陕西省,西安市,新城区,长乐西路
陕西省,西安市,新城区,长乐中路
陕西省,西安市,新城区,太华路
陕西省,西安市,新城区,万寿路
陕西省,西安市,新城区,北关
陕西省,西安市,新城区,长缨东路
陕西省,西安市,新城区,康复路
陕西省,西安市,新城区,中山门
陕西省,西安市,新城区,韩森寨
陕西省,西安市,新城区,西一路
陕西省,西安市,新城区,钟楼
陕西省,西安市,新城区,二马路
陕西省,西安市,新城区,西五路
陕西省,西安市,新城区,解放路
陕西省,西安市,新城区,北大街
陕西省,西安市,新城区,东五路
陕西省,西安市,碑林区,长安路
陕西省,西安市,碑林区,西北大
陕西省,西安市,碑林区,建国门
陕西省,西安市,碑林区,西安交大
陕西省,西安市,碑林区,和平路
陕西省,西安市,碑林区,朱雀门
陕西省,西安市,碑林区,张家村
陕西省,西安市,碑林区,东大街
陕西省,西安市,碑林区,边家村
陕西省,西安市,碑林区,小雁塔
陕西省,西安市,碑林区,南院门
陕西省,西安市,碑林区,东关南街
陕西省,西安市,碑林区,南大街
陕西省,西安市,碑林区,金花路
陕西省,西安市,碑林区,东木头市
陕西省,西安市,碑林区,建设路
陕西省,西安市,碑林区,环城南路
陕西省,西安市,碑林区,柏树林
陕西省,西安市,碑林区,何家村
陕西省,西安市,碑林区,互助路立交
陕西省,西安市,碑林区,长乐坊
陕西省,西安市,碑林区,文昌门
陕西省,西安市,碑林区,和平门
陕西省,西安市,碑林区,东门外
陕西省,西安市,碑林区,安东街
陕西省,西安市,碑林区,文艺路
陕西省,西安市,碑林区,安西街
陕西省,西安市,碑林区,大学南路
陕西省,西安市,碑林区,太乙路
陕西省,西安市,莲湖区,甜水井
陕西省,西安市,莲湖区,枣园
陕西省,西安市,莲湖区,西稍门
陕西省,西安市,莲湖区,自强路
陕西省,西安市,莲湖区,大观园
陕西省,西安市,莲湖区,广济街
陕西省,西安市,莲湖区,汉城路沿线
陕西省,西安市,莲湖区,庙后街
陕西省,西安市,莲湖区,锦园小区
陕西省,西安市,莲湖区,红庙坡
陕西省,西安市,莲湖区,西大街
陕西省,西安市,莲湖区,劳动公园
陕西省,西安市,莲湖区,西华门
陕西省,西安市,莲湖区,玉祥门
陕西省,西安市,莲湖区,鼓楼
陕西省,西安市,莲湖区,丰庆路
陕西省,西安市,莲湖区,城西客运站
陕西省,西安市,莲湖区,北院门
陕西省,西安市,莲湖区,西关
陕西省,西安市,莲湖区,莲湖公园
陕西省,西安市,莲湖区,桃园路
陕西省,西安市,莲湖区,环城西路
陕西省,西安市,莲湖区,土门
陕西省,西安市,莲湖区,丰禾路
陕西省,西安市,莲湖区,安定门
陕西省,西安市,莲湖区,青年路
陕西省,西安市,灞桥区,洪庆
陕西省,西安市,灞桥区,席王
陕西省,西安市,灞桥区,纺织城
陕西省,西安市,灞桥区,十里铺
陕西省,西安市,未央区,凤城四路
陕西省,西安市,未央区,草滩
陕西省,西安市,未央区,经济技术开发区
陕西省,西安市,未央区,龙首村
陕西省,西安市,未央区,凤城一路
陕西省,西安市,未央区,三桥
陕西省,西安市,未央区,张家堡
陕西省,西安市,未央区,二府庄
陕西省,西安市,未央区,徐家湾
陕西省,西安市,未央区,未央路沿线
陕西省,西安市,未央区,辛家庙
陕西省,西安市,未央区,方新村
陕西省,西安市,未央区,文景路
陕西省,西安市,未央区,雅荷花园
陕西省,西安市,雁塔区,吉祥路
陕西省,西安市,雁塔区,科技二路
陕西省,西安市,雁塔区,电子正街
陕西省,西安市,雁塔区,等驾坡
陕西省,西安市,雁塔区,光华路
陕西省,西安市,雁塔区,昆明路
陕西省,西安市,雁塔区,翠华路
陕西省,西安市,雁塔区,电子城
陕西省,西安市,雁塔区,丁白路
陕西省,西安市,雁塔区,北山门
陕西省,西安市,雁塔区,南郊大学区
陕西省,西安市,雁塔区,玫瑰大楼
陕西省,西安市,雁塔区,大雁塔
陕西省,西安市,雁塔区,科技路西口
陕西省,西安市,雁塔区,长延堡
陕西省,西安市,雁塔区,旺座现代城
陕西省,西安市,雁塔区,小寨
陕西省,西安市,雁塔区,科技一路
陕西省,西安市,雁塔区,永松路
陕西省,西安市,雁塔区,太白小区
陕西省,西安市,雁塔区,电视塔
陕西省,西安市,雁塔区,高科花园
陕西省,西安市,雁塔区,朱雀大街
陕西省,西安市,雁塔区,西影路
陕西省,西安市,雁塔区,高新路
陕西省,西安市,雁塔区,鱼化寨
陕西省,西安市,雁塔区,唐延路
陕西省,西安市,雁塔区,杨家村
陕西省,西安市,雁塔区,明德门
陕西省,西安市,雁塔区,亚美大厦
陕西省,西安市,雁塔区,沣惠南路
陕西省,西安市,阎良区,关山
陕西省,西安市,阎良区,新华路
陕西省,西安市,阎良区,凤凰路
陕西省,西安市,临潼区,行者
陕西省,西安市,临潼区,秦陵
陕西省,西安市,临潼区,骊山
陕西省,西安市,长安区,韦曲
陕西省,西安市,长安区,郭杜
陕西省,西安市,长安区,斗门
陕西省,西安市,长安区,滦镇
陕西省,西安市,长安区,王寺
陕西省,西安市,长安区,太乙宫
陕西省,西安市,长安区,子午
陕西省,西安市,长安区,马王
陕西省,西安市,蓝田县,城关
陕西省,西安市,蓝田县,汤峪
甘肃省,兰州市,城关区,焦家湾
甘肃省,兰州市,城关区,五泉
甘肃省,兰州市,城关区,兰州商学院
甘肃省,兰州市,城关区,金昌南路
甘肃省,兰州市,城关区,白银路
甘肃省,兰州市,城关区,正宁路
甘肃省,兰州市,城关区,铁路东村街
甘肃省,兰州市,城关区,盐场堡
甘肃省,兰州市,城关区,团结新村
甘肃省,兰州市,城关区,靖远路
甘肃省,兰州市,城关区,张掖路
甘肃省,兰州市,城关区,庆阳路
甘肃省,兰州市,城关区,通渭路
甘肃省,兰州市,城关区,五里铺
甘肃省,兰州市,城关区,大砂坪
甘肃省,兰州市,城关区,大众巷
甘肃省,兰州市,城关区,铁路局
甘肃省,兰州市,城关区,静宁路
甘肃省,兰州市,城关区,颜家沟
甘肃省,兰州市,城关区,段家滩
甘肃省,兰州市,城关区,桥北
甘肃省,兰州市,城关区,铁路西村
甘肃省,兰州市,城关区,广武门
甘肃省,兰州市,城关区,天水南路
甘肃省,兰州市,城关区,东湖
甘肃省,兰州市,城关区,东岗西路
甘肃省,兰州市,城关区,拱星墩
甘肃省,兰州市,城关区,酒泉路
甘肃省,兰州市,城关区,平凉路
甘肃省,兰州市,城关区,定西路
甘肃省,兰州市,城关区,中山路
甘肃省,兰州市,城关区,火车站
甘肃省,兰州市,城关区,二热十字
甘肃省,兰州市,城关区,贡元巷
甘肃省,兰州市,城关区,东岗镇
甘肃省,兰州市,城关区,盐场路
甘肃省,兰州市,城关区,鼓楼巷
甘肃省,兰州市,城关区,渭源路
甘肃省,兰州市,城关区,东岗东路
甘肃省,兰州市,城关区,农民巷
甘肃省,兰州市,城关区,雁滩
甘肃省,兰州市,城关区,东方红广场
甘肃省,兰州市,城关区,何家庄
甘肃省,兰州市,城关区,皋兰路
甘肃省,兰州市,城关区,会宁路
甘肃省,兰州市,城关区,旧大路
甘肃省,兰州市,城关区,科技街
甘肃省,兰州市,七里河区,西园
甘肃省,兰州市,七里河区,华林坪
甘肃省,兰州市,七里河区,敦煌路
甘肃省,兰州市,七里河区,武山路
甘肃省,兰州市,七里河区,晏家坪
甘肃省,兰州市,七里河区,建兰路
甘肃省,兰州市,七里河区,兰工坪
甘肃省,兰州市,七里河区,土门墩
甘肃省,兰州市,七里河区,安西路
甘肃省,兰州市,七里河区,龚家湾
甘肃省,兰州市,七里河区,西津东路
甘肃省,兰州市,七里河区,伏龙坪
甘肃省,兰州市,七里河区,西关十字
甘肃省,兰州市,七里河区,西湖
甘肃省,兰州市,七里河区,西津西路
甘肃省,兰州市,七里河区,临夏路
甘肃省,兰州市,七里河区,西站
甘肃省,兰州市,西固区,陈坪
甘肃省,兰州市,西固区,西柳沟
甘肃省,兰州市,西固区,临洮街
甘肃省,兰州市,西固区,西固城
甘肃省,兰州市,西固区,福利路
甘肃省,兰州市,西固区,先锋路
甘肃省,兰州市,安宁区,十里店
甘肃省,兰州市,安宁区,安宁堡
甘肃省,兰州市,安宁区,刘家堡
甘肃省,兰州市,安宁区,安宁东路
甘肃省,兰州市,安宁区,安宁西路
甘肃省,兰州市,安宁区,孔家崖
甘肃省,兰州市,安宁区,北滨河中路
甘肃省,兰州市,红古区,海石湾
青海省,西宁市,城东区,周家泉
青海省,西宁市,城东区,林家崖
青海省,西宁市,城东区,八一路
青海省,西宁市,城东区,大众街
青海省,西宁市,城东区,火车站
青海省,西宁市,城东区,东关大街
青海省,西宁市,城中区,礼让街
青海省,西宁市,城中区,南滩
青海省,西宁市,城中区,南川东路
青海省,西宁市,城中区,饮马街
青海省,西宁市,城中区,人民街
青海省,西宁市,城西区,南川西路
青海省,西宁市,城西区,西关大街
青海省,西宁市,城西区,兴海路
青海省,西宁市,城西区,古城台
青海省,西宁市,城西区,虎台
青海省,西宁市,城西区,胜利路
青海省,西宁市,城北区,朝阳
青海省,西宁市,城北区,小桥
青海省,西宁市,城北区,马坊
青海省,西宁市,城北区,三其
青海省,西宁市,湟中县,鲁沙尔
青海省,西宁市,湟中县,总寨
青海省,西宁市,湟源县,城关
青海省,西宁市,湟源县,城郊
青海省,西宁市,湟源县,塔湾
青海省,西宁市,湟源县,东峡
宁夏回族自治区,银川市,兴庆区,玉皇阁北街
宁夏回族自治区,银川市,兴庆区,解放西街
宁夏回族自治区,银川市,兴庆区,文化街
宁夏回族自治区,银川市,兴庆区,前进街
宁夏回族自治区,银川市,兴庆区,新华街
宁夏回族自治区,银川市,兴庆区,胜利街
宁夏回族自治区,银川市,兴庆区,富宁街
宁夏回族自治区,银川市,兴庆区,中山南街
宁夏回族自治区,银川市,西夏区,朔方路
宁夏回族自治区,银川市,西夏区,北京西路
宁夏回族自治区,银川市,西夏区,文昌路
宁夏回族自治区,银川市,金凤区,铁东
宁夏回族自治区,银川市,永宁县,杨和
宁夏回族自治区,银川市,永宁县,望远
新疆维吾尔自治区,乌鲁木齐市,天山区,新华南路
新疆维吾尔自治区,乌鲁木齐市,天山区,延安路
新疆维吾尔自治区,乌鲁木齐市,天山区,和平路
新疆维吾尔自治区,乌鲁木齐市,天山区,南门
新疆维吾尔自治区,乌鲁木齐市,天山区,二道桥
新疆维吾尔自治区,乌鲁木齐市,天山区,中山路
新疆维吾尔自治区,乌鲁木齐市,天山区,新华北路
新疆维吾尔自治区,乌鲁木齐市,天山区,青年路
新疆维吾尔自治区,乌鲁木齐市,天山区,燕尔窝
新疆维吾尔自治区,乌鲁木齐市,天山区,解放北路
新疆维吾尔自治区,乌鲁木齐市,天山区,碱泉
新疆维吾尔自治区,乌鲁木齐市,天山区,东门
新疆维吾尔自治区,乌鲁木齐市,天山区,团结路
新疆维吾尔自治区,乌鲁木齐市,天山区,胜利路
新疆维吾尔自治区,乌鲁木齐市,天山区,解放南路
新疆维吾尔自治区,乌鲁木齐市,沙依巴克区,友好北路
新疆维吾尔自治区,乌鲁木齐市,沙依巴克区,扬子江路
新疆维吾尔自治区,乌鲁木齐市,沙依巴克区,和田街
新疆维吾尔自治区,乌鲁木齐市,沙依巴克区,友好南路
新疆维吾尔自治区,乌鲁木齐市,沙依巴克区,红庙子
新疆维吾尔自治区,乌鲁木齐市,沙依巴克区,八一
新疆维吾尔自治区,乌鲁木齐市,沙依巴克区,雅玛里克山
新疆维吾尔自治区,乌鲁木齐市,沙依巴克区,西山
新疆维吾尔自治区,乌鲁木齐市,沙依巴克区,阿勒泰路
新疆维吾尔自治区,乌鲁木齐市,沙依巴克区,克拉玛依东路
新疆维吾尔自治区,乌鲁木齐市,沙依巴克区,炉院街
新疆维吾尔自治区,乌鲁木齐市,新市区,喀什东路
新疆维吾尔自治区,乌鲁木齐市,新市区,北京路
新疆维吾尔自治区,乌鲁木齐市,新市区,北站东路
新疆维吾尔自治区,乌鲁木齐市,新市区,银川路
新疆维吾尔自治区,乌鲁木齐市,新市区,石油新村
新疆维吾尔自治区,乌鲁木齐市,新市区,南纬路
新疆维吾尔自治区,乌鲁木齐市,新市区,铁路局
新疆维吾尔自治区,乌鲁木齐市,新市区,杭州路
新疆维吾尔自治区,乌鲁木齐市,新市区,三工
新疆维吾尔自治区,乌鲁木齐市,新市区,迎宾路
新疆维吾尔自治区,乌鲁木齐市,新市区,二工
新疆维吾尔自治区,乌鲁木齐市,新市区,天津路
新疆维吾尔自治区,乌鲁木齐市,水磨沟区,红山
新疆维吾尔自治区,乌鲁木齐市,水磨沟区,南湖
新疆维吾尔自治区,乌鲁木齐市,水磨沟区,苇湖梁
新疆维吾尔自治区,乌鲁木齐市,水磨沟区,八道湾
新疆维吾尔自治区,乌鲁木齐市,水磨沟区,六道湾
新疆维吾尔自治区,乌鲁木齐市,水磨沟区,南湖北路
新疆维吾尔自治区,乌鲁木齐市,水磨沟区,新民路
新疆维吾尔自治区,乌鲁木齐市,头屯河区,头屯河
新疆维吾尔自治区,乌鲁木齐市,头屯河区,王家沟
新疆维吾尔自治区,乌鲁木齐市,头屯河区,火车西站
新疆维吾尔自治区,乌鲁木齐市,米东区,地磅
新疆维吾尔自治区,乌鲁木齐市,米东区,卡子湾
新疆维吾尔自治区,乌鲁木齐市,米东区,石化
